1
2
4
7
9
12
14
16
19
21
24
26
28
31
33
36
38
40
43
45
48
50
52
55
57
60
62
64
67
69
72
74
76
79
81
84
86
88
91
93
96
98
100
103
105
108
110
112
115
117
120
122
125
127
129
132
134
137
139
141
144
146
149
151
153
156
158
161
163
165
168
170
173
175
177
180
182
185
187
189
192
194
197
199
201
204
206
209
211
213
216
218
221
223
225
228
230
233
235
237
240
242
245
247
250
252
254
257
259
262
264
266
269
271
274
276
278
281
283
286
288
290
293
295
298
300
302
305
307
310
312
314
317
319
322
324
326
329
331
334
336
338
341
343
346
348
350
353
355
358
360
362
365
367
370
372
375
377
379
382
384
387
389
391
394
396
399
401
403
406
408
411
413
415
418
420
423
425
427
430
432
435
437
439
442
444
447
449
451
454
456
459
461
463
466
468
471
473
475
478
480
483
485
487
490
492
495
497
500
502
504
507
509
512
514
516
519
521
524
526
528
531
533
536
538
540
543
545
548
550
552
555
557
560
562
564
567
569
572
574
576
579
581
584
586
588
591
593
596
598
600
603
605
608
610
612
615
617
620
622
625
627
629
632
634
637
639
641
644
646
649
651
653
656
658
661
663
665
668
670
673
675
677
680
682
685
687
689
692
694
697
699
701
704
706
709
711
713
716
718
721
723
725
728
730
733
735
737
740
742
745
747
750
752
754
757
759
762
764
766
769
771
774
776
778
781
783
786
788
790
793
795
798
800
802
805
807
810
812
814
817
819
822
824
826
829
831
834
836
838
841
843
846
848
850
853
855
858
860
862
865
867
870
872
875
877
879
882
884
887
889
891
894
896
899
901
903
906
908
911
913
915
918
920
923
925
927
930
932
935
937
939
942
944
947
949
951
954
956
959
961
963
966
968
971
973
975
978
980
983
985
987
990
992
995
997
1000
1002
1004
1007
1009
1012
1014
1016
1019
1021
1024
1026
1028
1031
1033
1036
1038
1040
1043
1045
1048
1050
1052
1055
1057
1060
1062
1064
1067
1069
1072
1074
1076
1079
1081
1084
1086
1088
1091
1093
1096
1098
1100
1103
1105
1108
1110
1112
1115
1117
1120
1122
1125
1127
1129
1132
1134
1137
1139
1141
1144
1146
1149
1151
1153
1156
1158
1161
1163
1165
1168
1170
1173
1175
1177
1180
1182
1185
1187
1189
1192
1194
1197
1199
1201
1204
1206
1209
1211
1213
1216
1218
1221
1223
1225
1228
1230
1233
1235
1237
1240
1242
1245
1247
1250
1252
1254
1257
1259
1262
1264
1266
1269
1271
1274
1276
1278
1281
1283
1286
1288
1290
1293
1295
1298
1300
1302
1305
1307
1310
1312
1314
1317
1319
1322
1324
1326
1329
1331
1334
1336
1338
1341
1343
1346
1348
1350
1353
1355
1358
1360
1362
1365
1367
1370
1372
1375
1377
1379
1382
1384
1387
1389
1391
1394
1396
1399
1401
1403
1406
1408
1411
1413
1415
1418
1420
1423
1425
1427
1430
1432
1435
1437
1439
1442
1444
1447
1449
1451
1454
1456
1459
1461
1463
1466
1468
1471
1473
1475
1478
1480
1483
1485
1487
1490
1492
1495
1497
1500
1502
1504
1507
1509
1512
1514
1516
1519
1521
1524
1526
1528
1531
1533
1536
1538
1540
1543
1545
1548
1550
1552
1555
1557
1560
1562
1564
1567
1569
1572
1574
1576
1579
1581
1584
1586
1588
1591
1593
1596
1598
1600
1603
1605
1608
1610
1612
1615
1617
1620
1622
1625
1627
1629
1632
1634
1637
1639
1641
1644
1646
1649
1651
1653
1656
1658
1661
1663
1665
1668
1670
1673
1675
1677
1680
1682
1685
1687
1689
1692
1694
1697
1699
1701
1704
1706
1709
1711
1713
1716
1718
1721
1723
1725
1728
1730
1733
1735
1737
1740
1742
1745
1747
1750
1752
1754
1757
1759
1762
1764
1766
1769
1771
1774
1776
1778
1781
1783
1786
1788
1790
1793
1795
1798
1800
1802
1805
1807
1810
1812
1814
1817
1819
1822
1824
1826
1829
1831
1834
1836
1838
1841
1843
1846
1848
1850
1853
1855
1858
1860
1862
1865
1867
1870
1872
1875
1877
1879
1882
1884
1887
1889
1891
1894
1896
1899
1901
1903
1906
1908
1911
1913
1915
1918
1920
1923
1925
1927
1930
1932
1935
1937
1939
1942
1944
1947
1949
1951
1954
1956
1959
1961
1963
1966
1968
1971
1973
1975
1978
1980
1983
1985
1987
1990
1992
1995
1997
2000
2002
2004
2007
2009
2012
2014
2016
2019
2021
2024
2026
2028
2031
2033
2036
2038
2040
2043
2045
2048
2050
2052
2055
2057
2060
2062
2064
2067
2069
2072
2074
2076
2079
2081
2084
2086
2088
2091
2093
2096
2098
2100
2103
2105
2108
2110
2112
2115
2117
2120
2122
2125
2127
2129
2132
2134
2137
2139
2141
2144
2146
2149
2151
2153
2156
2158
2161
2163
2165
2168
2170
2173
2175
2177
2180
2182
2185
2187
2189
2192
2194
2197
2199
2201
2204
2206
2209
2211
2213
2216
2218
2221
2223
2225
2228
2230
2233
2235
2237
2240
2242
2245
2247
2250
2252
2254
2257
2259
2262
2264
2266
2269
2271
2274
2276
2278
2281
2283
2286
2288
2290
2293
2295
2298
2300
2302
2305
2307
2310
2312
2314
2317
2319
2322
2324
2326
2329
2331
2334
2336
2338
2341
2343
2346
2348
2350
2353
2355
2358
2360
2362
2365
2367
2370
2372
2375
2377
2379
2382
2384
2387
2389
2391
2394
2396
2399
2401
2403
2406
2408
2411
2413
2415
2418
2420
2423
2425
2427
2430
2432
2435
2437
2439
2442
2444
2447
2449
2451
2454
2456
2459
2461
2463
2466
2468
2471
2473
2475
2478
2480
2483
2485
2487
2490
2492
2495
2497
2500
2502
2504
2507
2509
2512
2514
2516
2519
2521
2524
2526
2528
2531
2533
2536
2538
2540
2543
2545
2548
2550
2552
2555
2557
2560
2562
2564
2567
2569
2572
2574
2576
2579
2581
2584
2586
2588
2591
2593
2596
2598
2600
2603
2605
2608
2610
2612
2615
2617
2620
2622
2625
2627
2629
2632
2634
2637
2639
2641
2644
2646
2649
2651
2653
2656
2658
2661
2663
2665
2668
2670
2673
2675
2677
2680
2682
2685
2687
2689
2692
2694
2697
2699
2701
2704
2706
2709
2711
2713
2716
2718
2721
2723
2725
2728
2730
2733
2735
2737
2740
2742
2745
2747
2750
2752
2754
2757
2759
2762
2764
2766
2769
2771
2774
2776
2778
2781
2783
2786
2788
2790
2793
2795
2798
2800
2802
2805
2807
2810
2812
2814
2817
2819
2822
2824
2826
2829
2831
2834
2836
2838
2841
2843
2846
2848
2850
2853
2855
2858
2860
2862
2865
2867
2870
2872
2875
2877
2879
2882
2884
2887
2889
2891
2894
2896
2899
2901
2903
2906
2908
2911
2913
2915
2918
2920
2923
2925
2927
2930
2932
2935
2937
2939
2942
2944
2947
2949
2951
2954
2956
2959
2961
2963
2966
2968
2971
2973
2975
2978
2980
2983
2985
2987
2990
2992
2995
2997
3000
3002
3004
3007
3009
3012
3014
3016
3019
3021
3024
3026
3028
3031
3033
3036
3038
3040
3043
3045
3048
3050
3052
3055
3057
3060
3062
3064
3067
3069
3072
3074
3076
3079
3081
3084
3086
3088
3091
3093
3096
3098
3100
3103
3105
3108
3110
3112
3115
3117
3120
3122
3125
3127
3129
3132
3134
3137
3139
3141
3144
3146
3149
3151
3153
3156
3158
3161
3163
3165
3168
3170
3173
3175
3177
3180
3182
3185
3187
3189
3192
3194
3197
3199
3201
3204
3206
3209
3211
3213
3216
3218
3221
3223
3225
3228
3230
3233
3235
3237
3240
3242
3245
3247
3250
3252
3254
3257
3259
3262
3264
3266
3269
3271
3274
3276
3278
3281
3283
3286
3288
3290
3293
3295
3298
3300
3302
3305
3307
3310
3312
3314
3317
3319
3322
3324
3326
3329
3331
3334
3336
3338
3341
3343
3346
3348
3350
3353
3355
3358
3360
3362
3365
3367
3370
3372
3375
3377
3379
3382
3384
3387
3389
3391
3394
3396
3399
3401
3403
3406
3408
3411
3413
3415
3418
3420
3423
3425
3427
3430
3432
3435
3437
3439
3442
3444
3447
3449
3451
3454
3456
3459
3461
3463
3466
3468
3471
3473
3475
3478
3480
3483
3485
3487
3490
3492
3495
3497
3500
3502
3504
3507
3509
3512
3514
3516
3519
3521
3524
3526
3528
3531
3533
3536
3538
3540
3543
3545
3548
3550
3552
3555
3557
3560
3562
3564
3567
3569
3572
3574
3576
3579
3581
3584
3586
3588
3591
3593
3596
3598
3600
3603
3605
3608
3610
3612
3615
3617
3620
3622
3625
3627
3629
3632
3634
3637
3639
3641
3644
3646
3649
3651
3653
3656
3658
3661
3663
3665
3668
3670
3673
3675
3677
3680
3682
3685
3687
3689
3692
3694
3697
3699
3701
3704
3706
3709
3711
3713
3716
3718
3721
3723
3725
3728
3730
3733
3735
3737
3740
3742
3745
3747
3750
3752
3754
3757
3759
3762
3764
3766
3769
3771
3774
3776
3778
3781
3783
3786
3788
3790
3793
3795
3798
3800
3802
3805
3807
3810
3812
3814
3817
3819
3822
3824
3826
3829
3831
3834
3836
3838
3841
3843
3846
3848
3850
3853
3855
3858
3860
3862
3865
3867
3870
3872
3875
3877
3879
3882
3884
3887
3889
3891
3894
3896
3899
3901
3903
3906
3908
3911
3913
3915
3918
3920
3923
3925
3927
3930
3932
3935
3937
3939
3942
3944
3947
3949
3951
3954
3956
3959
3961
3963
3966
3968
3971
3973
3975
3978
3980
3983
3985
3987
3990
3992
3995
3997
4000
4002
4004
4007
4009
4012
4014
4016
4019
4021
4024
4026
4028
4031
4033
4036
4038
4040
4043
4045
4048
4050
4052
4055
4057
4060
4062
4064
4067
4069
4072
4074
4076
4079
4081
4084
4086
4088
4091
4093
4096
4098
4100
4103
4105
4108
4110
4112
4115
4117
4120
4122
4125
4127
4129
4132
4134
4137
4139
4141
4144
4146
4149
4151
4153
4156
4158
4161
4163
4165
4168
4170
4173
4175
4177
4180
4182
4185
4187
4189
4192
4194
4197
4199
4201
4204
4206
4209
4211
4213
4216
4218
4221
4223
4225
4228
4230
4233
4235
4237
4240
4242
4245
4247
4250
4252
4254
4257
4259
4262
4264
4266
4269
4271
4274
4276
4278
4281
4283
4286
4288
4290
4293
4295
4298
4300
4302
4305
4307
4310
4312
4314
4317
4319
4322
4324
4326
4329
4331
4334
4336
4338
4341
4343
4346
4348
4350
4353
4355
4358
4360
4362
4365
4367
4370
4372
4375
4377
4379
4382
4384
4387
4389
4391
4394
4396
4399
4401
4403
4406
4408
4411
4413
4415
4418
4420
4423
4425
4427
4430
4432
4435
4437
4439
4442
4444
4447
4449
4451
4454
4456
4459
4461
4463
4466
4468
4471
4473
4475
4478
4480
4483
4485
4487
4490
4492
4495
4497
4500
4502
4504
4507
4509
4512
4514
4516
4519
4521
4524
4526
4528
4531
4533
4536
4538
4540
4543
4545
4548
4550
4552
4555
4557
4560
4562
4564
4567
4569
4572
4574
4576
4579
4581
4584
4586
4588
4591
4593
4596
4598
4600
4603
4605
4608
4610
4612
4615
4617
4620
4622
4625
4627
4629
4632
4634
4637
4639
4641
4644
4646
4649
4651
4653
4656
4658
4661
4663
4665
4668
4670
4673
4675
4677
4680
4682
4685
4687
4689
4692
4694
4697
4699
4701
4704
4706
4709
4711
4713
4716
4718
4721
4723
4725
4728
4730
4733
4735
4737
4740
4742
4745
4747
4750
4752
4754
4757
4759
4762
4764
4766
4769
4771
4774
4776
4778
4781
4783
4786
4788
4790
4793
4795
4798
4800
4802
4805
4807
4810
4812
4814
4817
4819
4822
4824
4826
4829
4831
4834
4836
4838
4841
4843
4846
4848
4850
4853
4855
4858
4860
4862
4865
4867
4870
4872
4875
4877
4879
4882
4884
4887
4889
4891
4894
4896
4899
4901
4903
4906
4908
4911
4913
4915
4918
4920
4923
4925
4927
4930
4932
4935
4937
4939
4942
4944
4947
4949
4951
4954
4956
4959
4961
4963
4966
4968
4971
4973
4975
4978
4980
4983
4985
4987
4990
4992
4995
4997
5000
5002
5004
5007
5009
5012
5014
5016
5019
5021
5024
5026
5028
5031
5033
5036
5038
5040
5043
5045
5048
5050
5052
5055
5057
5060
5062
5064
5067
5069
5072
5074
5076
5079
5081
5084
5086
5088
5091
5093
5096
5098
5100
5103
5105
5108
5110
5112
5115
5117
5120
5122
5125
5127
5129
5132
5134
5137
5139
5141
5144
5146
5149
5151
5153
5156
5158
5161
5163
5165
5168
5170
5173
5175
5177
5180
5182
5185
5187
5189
5192
5194
5197
5199
5201
5204
5206
5209
5211
5213
5216
5218
5221
5223
5225
5228
5230
5233
5235
5237
5240
5242
5245
5247
5250
5252
5254
5257
5259
5262
5264
5266
5269
5271
5274
5276
5278
5281
5283
5286
5288
5290
5293
5295
5298
5300
5302
5305
5307
5310
5312
5314
5317
5319
5322
5324
5326
5329
5331
5334
5336
5338
5341
5343
5346
5348
5350
5353
5355
5358
5360
5362
5365
5367
5370
5372
5375
5377
5379
5382
5384
5387
5389
5391
5394
5396
5399
5401
5403
5406
5408
5411
5413
5415
5418
5420
5423
5425
5427
5430
5432
5435
5437
5439
5442
5444
5447
5449
5451
5454
5456
5459
5461
5463
5466
5468
5471
5473
5475
5478
5480
5483
5485
5487
5490
5492
5495
5497
5500
5502
5504
5507
5509
5512
5514
5516
5519
5521
5524
5526
5528
5531
5533
5536
5538
5540
5543
5545
5548
5550
5552
5555
5557
5560
5562
5564
5567
5569
5572
5574
5576
5579
5581
5584
5586
5588
5591
5593
5596
5598
5600
5603
5605
5608
5610
5612
5615
5617
5620
5622
5625
5627
5629
5632
5634
5637
5639
5641
5644
5646
5649
5651
5653
5656
5658
5661
5663
5665
5668
5670
5673
5675
5677
5680
5682
5685
5687
5689
5692
5694
5697
5699
5701
5704
5706
5709
5711
5713
5716
5718
5721
5723
5725
5728
5730
5733
5735
5737
5740
5742
5745
5747
5750
5752
5754
5757
5759
5762
5764
5766
5769
5771
5774
5776
5778
5781
5783
5786
5788
5790
5793
5795
5798
5800
5802
5805
5807
5810
5812
5814
5817
5819
5822
5824
5826
5829
5831
5834
5836
5838
5841
5843
5846
5848
5850
5853
5855
5858
5860
5862
5865
5867
5870
5872
5875
5877
5879
5882
5884
5887
5889
5891
5894
5896
5899
5901
5903
5906
5908
5911
5913
5915
5918
5920
5923
5925
5927
5930
5932
5935
5937
5939
5942
5944
5947
5949
5951
5954
5956
5959
5961
5963
5966
5968
5971
5973
5975
5978
5980
5983
5985
5987
5990
5992
5995
5997
6000
6002
6004
6007
6009
6012
6014
6016
6019
6021
6024
6026
6028
6031
6033
6036
6038
6040
6043
6045
6048
6050
6052
6055
6057
6060
6062
6064
6067
6069
6072
6074
6076
6079
6081
6084
6086
6088
6091
6093
6096
6098
6100
6103
6105
6108
6110
6112
6115
6117
6120
6122
6125
6127
6129
6132
6134
6137
6139
6141
6144
6146
6149
6151
6153
6156
6158
6161
6163
6165
6168
6170
6173
6175
6177
6180
6182
6185
6187
6189
6192
6194
6197
6199
6201
6204
6206
6209
6211
6213
6216
6218
6221
6223
6225
6228
6230
6233
6235
6237
6240
6242
6245
6247
6250
6252
6254
6257
6259
6262
6264
6266
6269
6271
6274
6276
6278
6281
6283
6286
6288
6290
6293
6295
6298
6300
6302
6305
6307
6310
6312
6314
6317
6319
6322
6324
6326
6329
6331
6334
6336
6338
6341
6343
6346
6348
6350
6353
6355
6358
6360
6362
6365
6367
6370
6372
6375
6377
6379
6382
6384
6387
6389
6391
6394
6396
6399
6401
6403
6406
6408
6411
6413
6415
6418
6420
6423
6425
6427
6430
6432
6435
6437
6439
6442
6444
6447
6449
6451
6454
6456
6459
6461
6463
6466
6468
6471
6473
6475
6478
6480
6483
6485
6487
6490
6492
6495
6497
6500
6502
6504
6507
6509
6512
6514
6516
6519
6521
6524
6526
6528
6531
6533
6536
6538
6540
6543
6545
6548
6550
6552
6555
6557
6560
6562
6564
6567
6569
6572
6574
6576
6579
6581
6584
6586
6588
6591
6593
6596
6598
6600
6603
6605
6608
6610
6612
6615
6617
6620
6622
6625
6627
6629
6632
6634
6637
6639
6641
6644
6646
6649
6651
6653
6656
6658
6661
6663
6665
6668
6670
6673
6675
6677
6680
6682
6685
6687
6689
6692
6694
6697
6699
6701
6704
6706
6709
6711
6713
6716
6718
6721
6723
6725
6728
6730
6733
6735
6737
6740
6742
6745
6747
6750
6752
6754
6757
6759
6762
6764
6766
6769
6771
6774
6776
6778
6781
6783
6786
6788
6790
6793
6795
6798
6800
6802
6805
6807
6810
6812
6814
6817
6819
6822
6824
6826
6829
6831
6834
6836
6838
6841
6843
6846
6848
6850
6853
6855
6858
6860
6862
6865
6867
6870
6872
6875
6877
6879
6882
6884
6887
6889
6891
6894
6896
6899
6901
6903
6906
6908
6911
6913
6915
6918
6920
6923
6925
6927
6930
6932
6935
6937
6939
6942
6944
6947
6949
6951
6954
6956
6959
6961
6963
6966
6968
6971
6973
6975
6978
6980
6983
6985
6987
6990
6992
6995
6997
7000
7002
7004
7007
7009
7012
7014
7016
7019
7021
7024
7026
7028
7031
7033
7036
7038
7040
7043
7045
7048
7050
7052
7055
7057
7060
7062
7064
7067
7069
7072
7074
7076
7079
7081
7084
7086
7088
7091
7093
7096
7098
7100
7103
7105
7108
7110
7112
7115
7117
7120
7122
7125
7127
7129
7132
7134
7137
7139
7141
7144
7146
7149
7151
7153
7156
7158
7161
7163
7165
7168
7170
7173
7175
7177
7180
7182
7185
7187
7189
7192
7194
7197
7199
7201
7204
7206
7209
7211
7213
7216
7218
7221
7223
7225
7228
7230
7233
7235
7237
7240
7242
7245
7247
7250
7252
7254
7257
7259
7262
7264
7266
7269
7271
7274
7276
7278
7281
7283
7286
7288
7290
7293
7295
7298
7300
7302
7305
7307
7310
7312
7314
7317
7319
7322
7324
7326
7329
7331
7334
7336
7338
7341
7343
7346
7348
7350
7353
7355
7358
7360
7362
7365
7367
7370
7372
7375
7377
7379
7382
7384
7387
7389
7391
7394
7396
7399
7401
7403
7406
7408
7411
7413
7415
7418
7420
7423
7425
7427
7430
7432
7435
7437
7439
7442
7444
7447
7449
7451
7454
7456
7459
7461
7463
7466
7468
7471
7473
7475
7478
7480
7483
7485
7487
7490
7492
7495
7497
7500
7502
7504
7507
7509
7512
7514
7516
7519
7521
7524
7526
7528
7531
7533
7536
7538
7540
7543
7545
7548
7550
7552
7555
7557
7560
7562
7564
7567
7569
7572
7574
7576
7579
7581
7584
7586
7588
7591
7593
7596
7598
7600
7603
7605
7608
7610
7612
7615
7617
7620
7622
7625
7627
7629
7632
7634
7637
7639
7641
7644
7646
7649
7651
7653
7656
7658
7661
7663
7665
7668
7670
7673
7675
7677
7680
7682
7685
7687
7689
7692
7694
7697
7699
7701
7704
7706
7709
7711
7713
7716
7718
7721
7723
7725
7728
7730
7733
7735
7737
7740
7742
7745
7747
7750
7752
7754
7757
7759
7762
7764
7766
7769
7771
7774
7776
7778
7781
7783
7786
7788
7790
7793
7795
7798
7800
7802
7805
7807
7810
7812
7814
7817
7819
7822
7824
7826
7829
7831
7834
7836
7838
7841
7843
7846
7848
7850
7853
7855
7858
7860
7862
7865
7867
7870
7872
7875
7877
7879
7882
7884
7887
7889
7891
7894
7896
7899
7901
7903
7906
7908
7911
7913
7915
7918
7920
7923
7925
7927
7930
7932
7935
7937
7939
7942
7944
7947
7949
7951
7954
7956
7959
7961
7963
7966
7968
7971
7973
7975
7978
7980
7983
7985
7987
7990
7992
7995
7997
8000
8002
8004
8007
8009
8012
8014
8016
8019
8021
8024
8026
8028
8031
8033
8036
8038
8040
8043
8045
8048
8050
8052
8055
8057
8060
8062
8064
8067
8069
8072
8074
8076
8079
8081
8084
8086
8088
8091
8093
8096
8098
8100
8103
8105
8108
8110
8112
8115
8117
8120
8122
8125
8127
8129
8132
8134
8137
8139
8141
8144
8146
8149
8151
8153
8156
8158
8161
8163
8165
8168
8170
8173
8175
8177
8180
8182
8185
8187
8189
8192
8194
8197
8199
8201
8204
8206
8209
8211
8213
8216
8218
8221
8223
8225
8228
8230
8233
8235
8237
8240
8242
8245
8247
8250
8252
8254
8257
8259
8262
8264
8266
8269
8271
8274
8276
8278
8281
8283
8286
8288
8290
8293
8295
8298
8300
8302
8305
8307
8310
8312
8314
8317
8319
8322
8324
8326
8329
8331
8334
8336
8338
8341
8343
8346
8348
8350
8353
8355
8358
8360
8362
8365
8367
8370
8372
8375
8377
8379
8382
8384
8387
8389
8391
8394
8396
8399
8401
8403
8406
8408
8411
8413
8415
8418
8420
8423
8425
8427
8430
8432
8435
8437
8439
8442
8444
8447
8449
8451
8454
8456
8459
8461
8463
8466
8468
8471
8473
8475
8478
8480
8483
8485
8487
8490
8492
8495
8497
8500
8502
8504
8507
8509
8512
8514
8516
8519
8521
8524
8526
8528
8531
8533
8536
8538
8540
8543
8545
8548
8550
8552
8555
8557
8560
8562
8564
8567
8569
8572
8574
8576
8579
8581
8584
8586
8588
8591
8593
8596
8598
8600
8603
8605
8608
8610
8612
8615
8617
8620
8622
8625
8627
8629
8632
8634
8637
8639
8641
8644
8646
8649
8651
8653
8656
8658
8661
8663
8665
8668
8670
8673
8675
8677
8680
8682
8685
8687
8689
8692
8694
8697
8699
8701
8704
8706
8709
8711
8713
8716
8718
8721
8723
8725
8728
8730
8733
8735
8737
8740
8742
8745
8747
8750
8752
8754
8757
8759
8762
8764
8766
8769
8771
8774
8776
8778
8781
8783
8786
8788
8790
8793
8795
8798
8800
8802
8805
8807
8810
8812
8814
8817
8819
8822
8824
8826
8829
8831
8834
8836
8838
8841
8843
8846
8848
8850
8853
8855
8858
8860
8862
8865
8867
8870
8872
8875
8877
8879
8882
8884
8887
8889
8891
8894
8896
8899
8901
8903
8906
8908
8911
8913
8915
8918
8920
8923
8925
8927
8930
8932
8935
8937
8939
8942
8944
8947
8949
8951
8954
8956
8959
8961
8963
8966
8968
8971
8973
8975
8978
8980
8983
8985
8987
8990
8992
8995
8997
9000
9002
9004
9007
9009
9012
9014
9016
9019
9021
9024
9026
9028
9031
9033
9036
9038
9040
9043
9045
9048
9050
9052
9055
9057
9060
9062
9064
9067
9069
9072
9074
9076
9079
9081
9084
9086
9088
9091
9093
9096
9098
9100
9103
9105
9108
9110
9112
9115
9117
9120
9122
9125
9127
9129
9132
9134
9137
9139
9141
9144
9146
9149
9151
9153
9156
9158
9161
9163
9165
9168
9170
9173
9175
9177
9180
9182
9185
9187
9189
9192
9194
9197
9199
9201
9204
9206
9209
9211
9213
9216
9218
9221
9223
9225
9228
9230
9233
9235
9237
9240
9242
9245
9247
9250
9252
9254
9257
9259
9262
9264
9266
9269
9271
9274
9276
9278
9281
9283
9286
9288
9290
9293
9295
9298
9300
9302
9305
9307
9310
9312
9314
9317
9319
9322
9324
9326
9329
9331
9334
9336
9338
9341
9343
9346
9348
9350
9353
9355
9358
9360
9362
9365
9367
9370
9372
9375
9377
9379
9382
9384
9387
9389
9391
9394
9396
9399
9401
9403
9406
9408
9411
9413
9415
9418
9420
9423
9425
9427
9430
9432
9435
9437
9439
9442
9444
9447
9449
9451
9454
9456
9459
9461
9463
9466
9468
9471
9473
9475
9478
9480
9483
9485
9487
9490
9492
9495
9497
9500
9502
9504
9507
9509
9512
9514
9516
9519
9521
9524
9526
9528
9531
9533
9536
9538
9540
9543
9545
9548
9550
9552
9555
9557
9560
9562
9564
9567
9569
9572
9574
9576
9579
9581
9584
9586
9588
9591
9593
9596
9598
9600
9603
9605
9608
9610
9612
9615
9617
9620
9622
9625
9627
9629
9632
9634
9637
9639
9641
9644
9646
9649
9651
9653
9656
9658
9661
9663
9665
9668
9670
9673
9675
9677
9680
9682
9685
9687
9689
9692
9694
9697
9699
9701
9704
9706
9709
9711
9713
9716
9718
9721
9723
9725
9728
9730
9733
9735
9737
9740
9742
9745
9747
9750
9752
9754
9757
9759
9762
9764
9766
9769
9771
9774
9776
9778
9781
9783
9786
9788
9790
9793
9795
9798
9800
9802
9805
9807
9810
9812
9814
9817
9819
9822
9824
9826
9829
9831
9834
9836
9838
9841
9843
9846
9848
9850
9853
9855
9858
9860
9862
9865
9867
9870
9872
9875
9877
9879
9882
9884
9887
9889
9891
9894
9896
9899
9901
9903
9906
9908
9911
9913
9915
9918
9920
9923
9925
9927
9930
9932
9935
9937
9939
9942
9944
9947
9949
9951
9954
9956
9959
9961
9963
9966
9968
9971
9973
9975
9978
9980
9983
9985
9987
9990
9992
9995
9997
10000
10002
10004
10007
10009
10012
10014
10016
10019
10021
10024
10026
10028
10031
10033
10036
10038
10040
10043
10045
10048
10050
10052
10055
10057
10060
10062
10064
10067
10069
10072
10074
10076
10079
10081
10084
10086
10088
10091
10093
10096
10098
10100
10103
10105
10108
10110
10112
10115
10117
10120
10122
10125
10127
10129
10132
10134
10137
10139
10141
10144
10146
10149
10151
10153
10156
10158
10161
10163
10165
10168
10170
10173
10175
10177
10180
10182
10185
10187
10189
10192
10194
10197
10199
10201
10204
10206
10209
10211
10213
10216
10218
10221
10223
10225
10228
10230
10233
10235
10237
10240
10242
10245
10247
10250
10252
10254
10257
10259
10262
10264
10266
10269
10271
10274
10276
10278
10281
10283
10286
10288
10290
10293
10295
10298
10300
10302
10305
10307
10310
10312
10314
10317
10319
10322
10324
10326
10329
10331
10334
10336
10338
10341
10343
10346
10348
10350
10353
10355
10358
10360
10362
10365
10367
10370
10372
10375
10377
10379
10382
10384
10387
10389
10391
10394
10396
10399
10401
10403
10406
10408
10411
10413
10415
10418
10420
10423
10425
10427
10430
10432
10435
10437
10439
10442
10444
10447
10449
10451
10454
10456
10459
10461
10463
10466
10468
10471
10473
10475
10478
10480
10483
10485
10487
10490
10492
10495
10497
10500
10502
10504
10507
10509
10512
10514
10516
10519
10521
10524
10526
10528
10531
10533
10536
10538
10540
10543
10545
10548
10550
10552
10555
10557
10560
10562
10564
10567
10569
10572
10574
10576
10579
10581
10584
10586
10588
10591
10593
10596
10598
10600
10603
10605
10608
10610
10612
10615
10617
10620
10622
10625
10627
10629
10632
10634
10637
10639
10641
10644
10646
10649
10651
10653
10656
10658
10661
10663
10665
10668
10670
10673
10675
10677
10680
10682
10685
10687
10689
10692
10694
10697
10699
10701
10704
10706
10709
10711
10713
10716
10718
10721
10723
10725
10728
10730
10733
10735
10737
10740
10742
10745
10747
10750
10752
10754
10757
10759
10762
10764
10766
10769
10771
10774
10776
10778
10781
10783
10786
10788
10790
10793
10795
10798
10800
10802
10805
10807
10810
10812
10814
10817
10819
10822
10824
10826
10829
10831
10834
10836
10838
10841
10843
10846
10848
10850
10853
10855
10858
10860
10862
10865
10867
10870
10872
10875
10877
10879
10882
10884
10887
10889
10891
10894
10896
10899
10901
10903
10906
10908
10911
10913
10915
10918
10920
10923
10925
10927
10930
10932
10935
10937
10939
10942
10944
10947
10949
10951
10954
10956
10959
10961
10963
10966
10968
10971
10973
10975
10978
10980
10983
10985
10987
10990
10992
10995
10997
11000
11002
11004
11007
11009
11012
11014
11016
11019
11021
11024
11026
11028
11031
11033
11036
11038
11040
11043
11045
11048
11050
11052
11055
11057
11060
11062
11064
11067
11069
11072
11074
11076
11079
11081
11084
11086
11088
11091
11093
11096
11098
11100
11103
11105
11108
11110
11112
11115
11117
11120
11122
11125
11127
11129
11132
11134
11137
11139
11141
11144
11146
11149
11151
11153
11156
11158
11161
11163
11165
11168
11170
11173
11175
11177
11180
11182
11185
11187
11189
11192
11194
11197
11199
11201
11204
11206
11209
11211
11213
11216
11218
11221
11223
11225
11228
11230
11233
11235
11237
11240
11242
11245
11247
11250
11252
11254
11257
11259
11262
11264
11266
11269
11271
11274
11276
11278
11281
11283
11286
11288
11290
11293
11295
11298
11300
11302
11305
11307
11310
11312
11314
11317
11319
11322
11324
11326
11329
11331
11334
11336
11338
11341
11343
11346
11348
11350
11353
11355
11358
11360
11362
11365
11367
11370
11372
11375
11377
11379
11382
11384
11387
11389
11391
11394
11396
11399
11401
11403
11406
11408
11411
11413
11415
11418
11420
11423
11425
11427
11430
11432
11435
11437
11439
11442
11444
11447
11449
11451
11454
11456
11459
11461
11463
11466
11468
11471
11473
11475
11478
11480
11483
11485
11487
11490
11492
11495
11497
11500
11502
11504
11507
11509
11512
11514
11516
11519
11521
11524
11526
11528
11531
11533
11536
11538
11540
11543
11545
11548
11550
11552
11555
11557
11560
11562
11564
11567
11569
11572
11574
11576
11579
11581
11584
11586
11588
11591
11593
11596
11598
11600
11603
11605
11608
11610
11612
11615
11617
11620
11622
11625
11627
11629
11632
11634
11637
11639
11641
11644
11646
11649
11651
11653
11656
11658
11661
11663
11665
11668
11670
11673
11675
11677
11680
11682
11685
11687
11689
11692
11694
11697
11699
11701
11704
11706
11709
11711
11713
11716
11718
11721
11723
11725
11728
11730
11733
11735
11737
11740
11742
11745
11747
11750
11752
11754
11757
11759
11762
11764
11766
11769
11771
11774
11776
11778
11781
11783
11786
11788
11790
11793
11795
11798
11800
11802
11805
11807
11810
11812
11814
11817
11819
11822
11824
11826
11829
11831
11834
11836
11838
11841
11843
11846
11848
11850
11853
11855
11858
11860
11862
11865
11867
11870
11872
11875
11877
11879
11882
11884
11887
11889
11891
11894
11896
11899
11901
11903
11906
11908
11911
11913
11915
11918
11920
11923
11925
11927
11930
11932
11935
11937
11939
11942
11944
11947
11949
11951
11954
11956
11959
11961
11963
11966
11968
11971
11973
11975
11978
11980
11983
11985
11987
11990
11992
11995
11997
12000
12002
12004
12007
12009
12012
12014
12016
12019
12021
12024
12026
12028
12031
12033
12036
12038
12040
12043
12045
12048
12050
12052
12055
12057
12060
12062
12064
12067
12069
12072
12074
12076
12079
12081
12084
12086
12088
12091
12093
12096
12098
12100
12103
12105
12108
12110
12112
12115
12117
12120
12122
12125
12127
12129
12132
12134
12137
12139
12141
12144
12146
12149
12151
12153
12156
12158
12161
12163
12165
12168
12170
12173
12175
12177
12180
12182
12185
12187
12189
12192
12194
12197
12199
12201
12204
12206
12209
12211
12213
12216
12218
12221
12223
12225
12228
12230
12233
12235
12237
12240
12242
12245
12247
12250
12252
12254
12257
12259
12262
12264
12266
12269
12271
12274
12276
12278
12281
12283
12286
12288
12290
12293
12295
12298
12300
12302
12305
12307
12310
12312
12314
12317
12319
12322
12324
12326
12329
12331
12334
12336
12338
12341
12343
12346
12348
12350
12353
12355
12358
12360
12362
12365
12367
12370
12372
12375
12377
12379
12382
12384
12387
12389
12391
12394
12396
12399
12401
12403
12406
12408
12411
12413
12415
12418
12420
12423
12425
12427
12430
12432
12435
12437
12439
12442
12444
12447
12449
12451
12454
12456
12459
12461
12463
12466
12468
12471
12473
12475
12478
12480
12483
12485
12487
12490
12492
12495
12497
12500
12502
12504
12507
12509
12512
12514
12516
12519
12521
12524
12526
12528
12531
12533
12536
12538
12540
12543
12545
12548
12550
12552
12555
12557
12560
12562
12564
12567
12569
12572
12574
12576
12579
12581
12584
12586
12588
12591
12593
12596
12598
12600
12603
12605
12608
12610
12612
12615
12617
12620
12622
12625
12627
12629
12632
12634
12637
12639
12641
12644
12646
12649
12651
12653
12656
12658
12661
12663
12665
12668
12670
12673
12675
12677
12680
12682
12685
12687
12689
12692
12694
12697
12699
12701
12704
12706
12709
12711
12713
12716
12718
12721
12723
12725
12728
12730
12733
12735
12737
12740
12742
12745
12747
12750
12752
12754
12757
12759
12762
12764
12766
12769
12771
12774
12776
12778
12781
12783
12786
12788
12790
12793
12795
12798
12800
12802
12805
12807
12810
12812
12814
12817
12819
12822
12824
12826
12829
12831
12834
12836
12838
12841
12843
12846
12848
12850
12853
12855
12858
12860
12862
12865
12867
12870
12872
12875
12877
12879
12882
12884
12887
12889
12891
12894
12896
12899
12901
12903
12906
12908
12911
12913
12915
12918
12920
12923
12925
12927
12930
12932
12935
12937
12939
12942
12944
12947
12949
12951
12954
12956
12959
12961
12963
12966
12968
12971
12973
12975
12978
12980
12983
12985
12987
12990
12992
12995
12997
13000
13002
13004
13007
13009
13012
13014
13016
13019
13021
13024
13026
13028
13031
13033
13036
13038
13040
13043
13045
13048
13050
13052
13055
13057
13060
13062
13064
13067
13069
13072
13074
13076
13079
13081
13084
13086
13088
13091
13093
13096
13098
13100
13103
13105
13108
13110
13112
13115
13117
13120
13122
13125
13127
13129
13132
13134
13137
13139
13141
13144
13146
13149
13151
13153
13156
13158
13161
13163
13165
13168
13170
13173
13175
13177
13180
13182
13185
13187
13189
13192
13194
13197
13199
13201
13204
13206
13209
13211
13213
13216
13218
13221
13223
13225
13228
13230
13233
13235
13237
13240
13242
13245
13247
13250
13252
13254
13257
13259
13262
13264
13266
13269
13271
13274
13276
13278
13281
13283
13286
13288
13290
13293
13295
13298
13300
13302
13305
13307
13310
13312
13314
13317
13319
13322
13324
13326
13329
13331
13334
13336
13338
13341
13343
13346
13348
13350
13353
13355
13358
13360
13362
13365
13367
13370
13372
13375
13377
13379
13382
13384
13387
13389
13391
13394
13396
13399
13401
13403
13406
13408
13411
13413
13415
13418
13420
13423
13425
13427
13430
13432
13435
13437
13439
13442
13444
13447
13449
13451
13454
13456
13459
13461
13463
13466
13468
13471
13473
13475
13478
13480
13483
13485
13487
13490
13492
13495
13497
13500
13502
13504
13507
13509
13512
13514
13516
13519
13521
13524
13526
13528
13531
13533
13536
13538
13540
13543
13545
13548
13550
13552
13555
13557
13560
13562
13564
13567
13569
13572
13574
13576
13579
13581
13584
13586
13588
13591
13593
13596
13598
13600
13603
13605
13608
13610
13612
13615
13617
13620
13622
13625
13627
13629
13632
13634
13637
13639
13641
13644
13646
13649
13651
13653
13656
13658
13661
13663
13665
13668
13670
13673
13675
13677
13680
13682
13685
13687
13689
13692
13694
13697
13699
13701
13704
13706
13709
13711
13713
13716
13718
13721
13723
13725
13728
13730
13733
13735
13737
13740
13742
13745
13747
13750
13752
13754
13757
13759
13762
13764
13766
13769
13771
13774
13776
13778
13781
13783
13786
13788
13790
13793
13795
13798
13800
13802
13805
13807
13810
13812
13814
13817
13819
13822
13824
13826
13829
13831
13834
13836
13838
13841
13843
13846
13848
13850
13853
13855
13858
13860
13862
13865
13867
13870
13872
13875
13877
13879
13882
13884
13887
13889
13891
13894
13896
13899
13901
13903
13906
13908
13911
13913
13915
13918
13920
13923
13925
13927
13930
13932
13935
13937
13939
13942
13944
13947
13949
13951
13954
13956
13959
13961
13963
13966
13968
13971
13973
13975
13978
13980
13983
13985
13987
13990
13992
13995
13997
14000
14002
14004
14007
14009
14012
14014
14016
14019
14021
14024
14026
14028
14031
14033
14036
14038
14040
14043
14045
14048
14050
14052
14055
14057
14060
14062
14064
14067
14069
14072
14074
14076
14079
14081
14084
14086
14088
14091
14093
14096
14098
14100
14103
14105
14108
14110
14112
14115
14117
14120
14122
14125
14127
14129
14132
14134
14137
14139
14141
14144
14146
14149
14151
14153
14156
14158
14161
14163
14165
14168
14170
14173
14175
14177
14180
14182
14185
14187
14189
14192
14194
14197
14199
14201
14204
14206
14209
14211
14213
14216
14218
14221
14223
14225
14228
14230
14233
14235
14237
14240
14242
14245
14247
14250
14252
14254
14257
14259
14262
14264
14266
14269
14271
14274
14276
14278
14281
14283
14286
14288
14290
14293
14295
14298
14300
14302
14305
14307
14310
14312
14314
14317
14319
14322
14324
14326
14329
14331
14334
14336
14338
14341
14343
14346
14348
14350
14353
14355
14358
14360
14362
14365
14367
14370
14372
14375
14377
14379
14382
14384
14387
14389
14391
14394
14396
14399
14401
14403
14406
14408
14411
14413
14415
14418
14420
14423
14425
14427
14430
14432
14435
14437
14439
14442
14444
14447
14449
14451
14454
14456
14459
14461
14463
14466
14468
14471
14473
14475
14478
14480
14483
14485
14487
14490
14492
14495
14497
14500
14502
14504
14507
14509
14512
14514
14516
14519
14521
14524
14526
14528
14531
14533
14536
14538
14540
14543
14545
14548
14550
14552
14555
14557
14560
14562
14564
14567
14569
14572
14574
14576
14579
14581
14584
14586
14588
14591
14593
14596
14598
14600
14603
14605
14608
14610
14612
14615
14617
14620
14622
14625
14627
14629
14632
14634
14637
14639
14641
14644
14646
14649
14651
14653
14656
14658
14661
14663
14665
14668
14670
14673
14675
14677
14680
14682
14685
14687
14689
14692
14694
14697
14699
14701
14704
14706
14709
14711
14713
14716
14718
14721
14723
14725
14728
14730
14733
14735
14737
14740
14742
14745
14747
14750
14752
14754
14757
14759
14762
14764
14766
14769
14771
14774
14776
14778
14781
14783
14786
14788
14790
14793
14795
14798
14800
14802
14805
14807
14810
14812
14814
14817
14819
14822
14824
14826
14829
14831
14834
14836
14838
14841
14843
14846
14848
14850
14853
14855
14858
14860
14862
14865
14867
14870
14872
14875
14877
14879
14882
14884
14887
14889
14891
14894
14896
14899
14901
14903
14906
14908
14911
14913
14915
14918
14920
14923
14925
14927
14930
14932
14935
14937
14939
14942
14944
14947
14949
14951
14954
14956
14959
14961
14963
14966
14968
14971
14973
14975
14978
14980
14983
14985
14987
14990
14992
14995
14997
15000
15002
15004
15007
15009
15012
15014
15016
15019
15021
15024
15026
15028
15031
15033
15036
15038
15040
15043
15045
15048
15050
15052
15055
15057
15060
15062
15064
15067
15069
15072
15074
15076
15079
15081
15084
15086
15088
15091
15093
15096
15098
15100
15103
15105
15108
15110
15112
15115
15117
15120
15122
15125
15127
15129
15132
15134
15137
15139
15141
15144
15146
15149
15151
15153
15156
15158
15161
15163
15165
15168
15170
15173
15175
15177
15180
15182
15185
15187
15189
15192
15194
15197
15199
15201
15204
15206
15209
15211
15213
15216
15218
15221
15223
15225
15228
15230
15233
15235
15237
15240
15242
15245
15247
15250
15252
15254
15257
15259
15262
15264
15266
15269
15271
15274
15276
15278
15281
15283
15286
15288
15290
15293
15295
15298
15300
15302
15305
15307
15310
15312
15314
15317
15319
15322
15324
15326
15329
15331
15334
15336
15338
15341
15343
15346
15348
15350
15353
15355
15358
15360
15362
15365
15367
15370
15372
15375
15377
15379
15382
15384
15387
15389
15391
15394
15396
15399
15401
15403
15406
15408
15411
15413
15415
15418
15420
15423
15425
15427
15430
15432
15435
15437
15439
15442
15444
15447
15449
15451
15454
15456
15459
15461
15463
15466
15468
15471
15473
15475
15478
15480
15483
15485
15487
15490
15492
15495
15497
15500
15502
15504
15507
15509
15512
15514
15516
15519
15521
15524
15526
15528
15531
15533
15536
15538
15540
15543
15545
15548
15550
15552
15555
15557
15560
15562
15564
15567
15569
15572
15574
15576
15579
15581
15584
15586
15588
15591
15593
15596
15598
15600
15603
15605
15608
15610
15612
15615
15617
15620
15622
15625
15627
15629
15632
15634
15637
15639
15641
15644
15646
15649
15651
15653
15656
15658
15661
15663
15665
15668
15670
15673
15675
15677
15680
15682
15685
15687
15689
15692
15694
15697
15699
15701
15704
15706
15709
15711
15713
15716
15718
15721
15723
15725
15728
15730
15733
15735
15737
15740
15742
15745
15747
15750
15752
15754
15757
15759
15762
15764
15766
15769
15771
15774
15776
15778
15781
15783
15786
15788
15790
15793
15795
15798
15800
15802
15805
15807
15810
15812
15814
15817
15819
15822
15824
15826
15829
15831
15834
15836
15838
15841
15843
15846
15848
15850
15853
15855
15858
15860
15862
15865
15867
15870
15872
15875
15877
15879
15882
15884
15887
15889
15891
15894
15896
15899
15901
15903
15906
15908
15911
15913
15915
15918
15920
15923
15925
15927
15930
15932
15935
15937
15939
15942
15944
15947
15949
15951
15954
15956
15959
15961
15963
15966
15968
15971
15973
15975
15978
15980
15983
15985
15987
15990
15992
15995
15997
16000
16002
16004
16007
16009
16012
16014
16016
16019
16021
16024
16026
16028
16031
16033
16036
16038
16040
16043
16045
16048
16050
16052
16055
16057
16060
16062
16064
16067
16069
16072
16074
16076
16079
16081
16084
16086
16088
16091
16093
16096
16098
16100
16103
16105
16108
16110
16112
16115
16117
16120
16122
16125
16127
16129
16132
16134
16137
16139
16141
16144
16146
16149
16151
16153
16156
16158
16161
16163
16165
16168
16170
16173
16175
16177
16180
16182
16185
16187
16189
16192
16194
16197
16199
16201
16204
16206
16209
16211
16213
16216
16218
16221
16223
16225
16228
16230
16233
16235
16237
16240
16242
16245
16247
16250
16252
16254
16257
16259
16262
16264
16266
16269
16271
16274
16276
16278
16281
16283
16286
16288
16290
16293
16295
16298
16300
16302
16305
16307
16310
16312
16314
16317
16319
16322
16324
16326
16329
16331
16334
16336
16338
16341
16343
16346
16348
16350
16353
16355
16358
16360
16362
16365
16367
16370
16372
16375
16377
16379
16382
16384
16387
16389
16391
16394
16396
16399
16401
16403
16406
16408
16411
16413
16415
16418
16420
16423
16425
16427
16430
16432
16435
16437
16439
16442
16444
16447
16449
16451
16454
16456
16459
16461
16463
16466
16468
16471
16473
16475
16478
16480
16483
16485
16487
16490
16492
16495
16497
16500
16502
16504
16507
16509
16512
16514
16516
16519
16521
16524
16526
16528
16531
16533
16536
16538
16540
16543
16545
16548
16550
16552
16555
16557
16560
16562
16564
16567
16569
16572
16574
16576
16579
16581
16584
16586
16588
16591
16593
16596
16598
16600
16603
16605
16608
16610
16612
16615
16617
16620
16622
16625
16627
16629
16632
16634
16637
16639
16641
16644
16646
16649
16651
16653
16656
16658
16661
16663
16665
16668
16670
16673
16675
16677
16680
16682
16685
16687
16689
16692
16694
16697
16699
16701
16704
16706
16709
16711
16713
16716
16718
16721
16723
16725
16728
16730
16733
16735
16737
16740
16742
16745
16747
16750
16752
16754
16757
16759
16762
16764
16766
16769
16771
16774
16776
16778
16781
16783
16786
16788
16790
16793
16795
16798
16800
16802
16805
16807
16810
16812
16814
16817
16819
16822
16824
16826
16829
16831
16834
16836
16838
16841
16843
16846
16848
16850
16853
16855
16858
16860
16862
16865
16867
16870
16872
16875
16877
16879
16882
16884
16887
16889
16891
16894
16896
16899
16901
16903
16906
16908
16911
16913
16915
16918
16920
16923
16925
16927
16930
16932
16935
16937
16939
16942
16944
16947
16949
16951
16954
16956
16959
16961
16963
16966
16968
16971
16973
16975
16978
16980
16983
16985
16987
16990
16992
16995
16997
17000
17002
17004
17007
17009
17012
17014
17016
17019
17021
17024
17026
17028
17031
17033
17036
17038
17040
17043
17045
17048
17050
17052
17055
17057
17060
17062
17064
17067
17069
17072
17074
17076
17079
17081
17084
17086
17088
17091
17093
17096
17098
17100
17103
17105
17108
17110
17112
17115
17117
17120
17122
17125
17127
17129
17132
17134
17137
17139
17141
17144
17146
17149
17151
17153
17156
17158
17161
17163
17165
17168
17170
17173
17175
17177
17180
17182
17185
17187
17189
17192
17194
17197
17199
17201
17204
17206
17209
17211
17213
17216
17218
17221
17223
17225
17228
17230
17233
17235
17237
17240
17242
17245
17247
17250
17252
17254
17257
17259
17262
17264
17266
17269
17271
17274
17276
17278
17281
17283
17286
17288
17290
17293
17295
17298
17300
17302
17305
17307
17310
17312
17314
17317
17319
17322
17324
17326
17329
17331
17334
17336
17338
17341
17343
17346
17348
17350
17353
17355
17358
17360
17362
17365
17367
17370
17372
17375
17377
17379
17382
17384
17387
17389
17391
17394
17396
17399
17401
17403
17406
17408
17411
17413
17415
17418
17420
17423
17425
17427
17430
17432
17435
17437
17439
17442
17444
17447
17449
17451
17454
17456
17459
17461
17463
17466
17468
17471
17473
17475
17478
17480
17483
17485
17487
17490
17492
17495
17497
17500
17502
17504
17507
17509
17512
17514
17516
17519
17521
17524
17526
17528
17531
17533
17536
17538
17540
17543
17545
17548
17550
17552
17555
17557
17560
17562
17564
17567
17569
17572
17574
17576
17579
17581
17584
17586
17588
17591
17593
17596
17598
17600
17603
17605
17608
17610
17612
17615
17617
17620
17622
17625
17627
17629
17632
17634
17637
17639
17641
17644
17646
17649
17651
17653
17656
17658
17661
17663
17665
17668
17670
17673
17675
17677
17680
17682
17685
17687
17689
17692
17694
17697
17699
17701
17704
17706
17709
17711
17713
17716
17718
17721
17723
17725
17728
17730
17733
17735
17737
17740
17742
17745
17747
17750
17752
17754
17757
17759
17762
17764
17766
17769
17771
17774
17776
17778
17781
17783
17786
17788
17790
17793
17795
17798
17800
17802
17805
17807
17810
17812
17814
17817
17819
17822
17824
17826
17829
17831
17834
17836
17838
17841
17843
17846
17848
17850
17853
17855
17858
17860
17862
17865
17867
17870
17872
17875
17877
17879
17882
17884
17887
17889
17891
17894
17896
17899
17901
17903
17906
17908
17911
17913
17915
17918
17920
17923
17925
17927
17930
17932
17935
17937
17939
17942
17944
17947
17949
17951
17954
17956
17959
17961
17963
17966
17968
17971
17973
17975
17978
17980
17983
17985
17987
17990
17992
17995
17997
18000
18002
18004
18007
18009
18012
18014
18016
18019
18021
18024
18026
18028
18031
18033
18036
18038
18040
18043
18045
18048
18050
18052
18055
18057
18060
18062
18064
18067
18069
18072
18074
18076
18079
18081
18084
18086
18088
18091
18093
18096
18098
18100
18103
18105
18108
18110
18112
18115
18117
18120
18122
18125
18127
18129
18132
18134
18137
18139
18141
18144
18146
18149
18151
18153
18156
18158
18161
18163
18165
18168
18170
18173
18175
18177
18180
18182
18185
18187
18189
18192
18194
18197
18199
18201
18204
18206
18209
18211
18213
18216
18218
18221
18223
18225
18228
18230
18233
18235
18237
18240
18242
18245
18247
18250
18252
18254
18257
18259
18262
18264
18266
18269
18271
18274
18276
18278
18281
18283
18286
18288
18290
18293
18295
18298
18300
18302
18305
18307
18310
18312
18314
18317
18319
18322
18324
18326
18329
18331
18334
18336
18338
18341
18343
18346
18348
18350
18353
18355
18358
18360
18362
18365
18367
18370
18372
18375
18377
18379
18382
18384
18387
18389
18391
18394
18396
18399
18401
18403
18406
18408
18411
18413
18415
18418
18420
18423
18425
18427
18430
18432
18435
18437
18439
18442
18444
18447
18449
18451
18454
18456
18459
18461
18463
18466
18468
18471
18473
18475
18478
18480
18483
18485
18487
18490
18492
18495
18497
18500
18502
18504
18507
18509
18512
18514
18516
18519
18521
18524
18526
18528
18531
18533
18536
18538
18540
18543
18545
18548
18550
18552
18555
18557
18560
18562
18564
18567
18569
18572
18574
18576
18579
18581
18584
18586
18588
18591
18593
18596
18598
18600
18603
18605
18608
18610
18612
18615
18617
18620
18622
18625
18627
18629
18632
18634
18637
18639
18641
18644
18646
18649
18651
18653
18656
18658
18661
18663
18665
18668
18670
18673
18675
18677
18680
18682
18685
18687
18689
18692
18694
18697
18699
18701
18704
18706
18709
18711
18713
18716
18718
18721
18723
18725
18728
18730
18733
18735
18737
18740
18742
18745
18747
18750
18752
18754
18757
18759
18762
18764
18766
18769
18771
18774
18776
18778
18781
18783
18786
18788
18790
18793
18795
18798
18800
18802
18805
18807
18810
18812
18814
18817
18819
18822
18824
18826
18829
18831
18834
18836
18838
18841
18843
18846
18848
18850
18853
18855
18858
18860
18862
18865
18867
18870
18872
18875
18877
18879
18882
18884
18887
18889
18891
18894
18896
18899
18901
18903
18906
18908
18911
18913
18915
18918
18920
18923
18925
18927
18930
18932
18935
18937
18939
18942
18944
18947
18949
18951
18954
18956
18959
18961
18963
18966
18968
18971
18973
18975
18978
18980
18983
18985
18987
18990
18992
18995
18997
19000
19002
19004
19007
19009
19012
19014
19016
19019
19021
19024
19026
19028
19031
19033
19036
19038
19040
19043
19045
19048
19050
19052
19055
19057
19060
19062
19064
19067
19069
19072
19074
19076
19079
19081
19084
19086
19088
19091
19093
19096
19098
19100
19103
19105
19108
19110
19112
19115
19117
19120
19122
19125
19127
19129
19132
19134
19137
19139
19141
19144
19146
19149
19151
19153
19156
19158
19161
19163
19165
19168
19170
19173
19175
19177
19180
19182
19185
19187
19189
19192
19194
19197
19199
19201
19204
19206
19209
19211
19213
19216
19218
19221
19223
19225
19228
19230
19233
19235
19237
19240
19242
19245
19247
19250
19252
19254
19257
19259
19262
19264
19266
19269
19271
19274
19276
19278
19281
19283
19286
19288
19290
19293
19295
19298
19300
19302
19305
19307
19310
19312
19314
19317
19319
19322
19324
19326
19329
19331
19334
19336
19338
19341
19343
19346
19348
19350
19353
19355
19358
19360
19362
19365
19367
19370
19372
19375
19377
19379
19382
19384
19387
19389
19391
19394
19396
19399
19401
19403
19406
19408
19411
19413
19415
19418
19420
19423
19425
19427
19430
19432
19435
19437
19439
19442
19444
19447
19449
19451
19454
19456
19459
19461
19463
19466
19468
19471
19473
19475
19478
19480
19483
19485
19487
19490
19492
19495
19497
19500
19502
19504
19507
19509
19512
19514
19516
19519
19521
19524
19526
19528
19531
19533
19536
19538
19540
19543
19545
19548
19550
19552
19555
19557
19560
19562
19564
19567
19569
19572
19574
19576
19579
19581
19584
19586
19588
19591
19593
19596
19598
19600
19603
19605
19608
19610
19612
19615
19617
19620
19622
19625
19627
19629
19632
19634
19637
19639
19641
19644
19646
19649
19651
19653
19656
19658
19661
19663
19665
19668
19670
19673
19675
19677
19680
19682
19685
19687
19689
19692
19694
19697
19699
19701
19704
19706
19709
19711
19713
19716
19718
19721
19723
19725
19728
19730
19733
19735
19737
19740
19742
19745
19747
19750
19752
19754
19757
19759
19762
19764
19766
19769
19771
19774
19776
19778
19781
19783
19786
19788
19790
19793
19795
19798
19800
19802
19805
19807
19810
19812
19814
19817
19819
19822
19824
19826
19829
19831
19834
19836
19838
19841
19843
19846
19848
19850
19853
19855
19858
19860
19862
19865
19867
19870
19872
19875
19877
19879
19882
19884
19887
19889
19891
19894
19896
19899
19901
19903
19906
19908
19911
19913
19915
19918
19920
19923
19925
19927
19930
19932
19935
19937
19939
19942
19944
19947
19949
19951
19954
19956
19959
19961
19963
19966
19968
19971
19973
19975
19978
19980
19983
19985
19987
19990
19992
19995
19997
20000
20002
20004
20007
20009
20012
20014
20016
20019
20021
20024
20026
20028
20031
20033
20036
20038
20040
20043
20045
20048
20050
20052
20055
20057
20060
20062
20064
20067
20069
20072
20074
20076
20079
20081
20084
20086
20088
20091
20093
20096
20098
20100
20103
20105
20108
20110
20112
20115
20117
20120
20122
20125
20127
20129
20132
20134
20137
20139
20141
20144
20146
20149
20151
20153
20156
20158
20161
20163
20165
20168
20170
20173
20175
20177
20180
20182
20185
20187
20189
20192
20194
20197
20199
20201
20204
20206
20209
20211
20213
20216
20218
20221
20223
20225
20228
20230
20233
20235
20237
20240
20242
20245
20247
20250
20252
20254
20257
20259
20262
20264
20266
20269
20271
20274
20276
20278
20281
20283
20286
20288
20290
20293
20295
20298
20300
20302
20305
20307
20310
20312
20314
20317
20319
20322
20324
20326
20329
20331
20334
20336
20338
20341
20343
20346
20348
20350
20353
20355
20358
20360
20362
20365
20367
20370
20372
20375
20377
20379
20382
20384
20387
20389
20391
20394
20396
20399
20401
20403
20406
20408
20411
20413
20415
20418
20420
20423
20425
20427
20430
20432
20435
20437
20439
20442
20444
20447
20449
20451
20454
20456
20459
20461
20463
20466
20468
20471
20473
20475
20478
20480
20483
20485
20487
20490
20492
20495
20497
20500
20502
20504
20507
20509
20512
20514
20516
20519
20521
20524
20526
20528
20531
20533
20536
20538
20540
20543
20545
20548
20550
20552
20555
20557
20560
20562
20564
20567
20569
20572
20574
20576
20579
20581
20584
20586
20588
20591
20593
20596
20598
20600
20603
20605
20608
20610
20612
20615
20617
20620
20622
20625
20627
20629
20632
20634
20637
20639
20641
20644
20646
20649
20651
20653
20656
20658
20661
20663
20665
20668
20670
20673
20675
20677
20680
20682
20685
20687
20689
20692
20694
20697
20699
20701
20704
20706
20709
20711
20713
20716
20718
20721
20723
20725
20728
20730
20733
20735
20737
20740
20742
20745
20747
20750
20752
20754
20757
20759
20762
20764
20766
20769
20771
20774
20776
20778
20781
20783
20786
20788
20790
20793
20795
20798
20800
20802
20805
20807
20810
20812
20814
20817
20819
20822
20824
20826
20829
20831
20834
20836
20838
20841
20843
20846
20848
20850
20853
20855
20858
20860
20862
20865
20867
20870
20872
20875
20877
20879
20882
20884
20887
20889
20891
20894
20896
20899
20901
20903
20906
20908
20911
20913
20915
20918
20920
20923
20925
20927
20930
20932
20935
20937
20939
20942
20944
20947
20949
20951
20954
20956
20959
20961
20963
20966
20968
20971
20973
20975
20978
20980
20983
20985
20987
20990
20992
20995
20997
21000
21002
21004
21007
21009
21012
21014
21016
21019
21021
21024
21026
21028
21031
21033
21036
21038
21040
21043
21045
21048
21050
21052
21055
21057
21060
21062
21064
21067
21069
21072
21074
21076
21079
21081
21084
21086
21088
21091
21093
21096
21098
21100
21103
21105
21108
21110
21112
21115
21117
21120
21122
21125
21127
21129
21132
21134
21137
21139
21141
21144
21146
21149
21151
21153
21156
21158
21161
21163
21165
21168
21170
21173
21175
21177
21180
21182
21185
21187
21189
21192
21194
21197
21199
21201
21204
21206
21209
21211
21213
21216
21218
21221
21223
21225
21228
21230
21233
21235
21237
21240
21242
21245
21247
21250
21252
21254
21257
21259
21262
21264
21266
21269
21271
21274
21276
21278
21281
21283
21286
21288
21290
21293
21295
21298
21300
21302
21305
21307
21310
21312
21314
21317
21319
21322
21324
21326
21329
21331
21334
21336
21338
21341
21343
21346
21348
21350
21353
21355
21358
21360
21362
21365
21367
21370
21372
21375
21377
21379
21382
21384
21387
21389
21391
21394
21396
21399
21401
21403
21406
21408
21411
21413
21415
21418
21420
21423
21425
21427
21430
21432
21435
21437
21439
21442
21444
21447
21449
21451
21454
21456
21459
21461
21463
21466
21468
21471
21473
21475
21478
21480
21483
21485
21487
21490
21492
21495
21497
21500
21502
21504
21507
21509
21512
21514
21516
21519
21521
21524
21526
21528
21531
21533
21536
21538
21540
21543
21545
21548
21550
21552
21555
21557
21560
21562
21564
21567
21569
21572
21574
21576
21579
21581
21584
21586
21588
21591
21593
21596
21598
21600
21603
21605
21608
21610
21612
21615
21617
21620
21622
21625
21627
21629
21632
21634
21637
21639
21641
21644
21646
21649
21651
21653
21656
21658
21661
21663
21665
21668
21670
21673
21675
21677
21680
21682
21685
21687
21689
21692
21694
21697
21699
21701
21704
21706
21709
21711
21713
21716
21718
21721
21723
21725
21728
21730
21733
21735
21737
21740
21742
21745
21747
21750
21752
21754
21757
21759
21762
21764
21766
21769
21771
21774
21776
21778
21781
21783
21786
21788
21790
21793
21795
21798
21800
21802
21805
21807
21810
21812
21814
21817
21819
21822
21824
21826
21829
21831
21834
21836
21838
21841
21843
21846
21848
21850
21853
21855
21858
21860
21862
21865
21867
21870
21872
21875
21877
21879
21882
21884
21887
21889
21891
21894
21896
21899
21901
21903
21906
21908
21911
21913
21915
21918
21920
21923
21925
21927
21930
21932
21935
21937
21939
21942
21944
21947
21949
21951
21954
21956
21959
21961
21963
21966
21968
21971
21973
21975
21978
21980
21983
21985
21987
21990
21992
21995
21997
22000
22002
22004
22007
22009
22012
22014
22016
22019
22021
22024
22026
22028
22031
22033
22036
22038
22040
22043
22045
22048
22050
22052
22055
22057
22060
22062
22064
22067
22069
22072
22074
22076
22079
22081
22084
22086
22088
22091
22093
22096
22098
22100
22103
22105
22108
22110
22112
22115
22117
22120
22122
22125
22127
22129
22132
22134
22137
22139
22141
22144
22146
22149
22151
22153
22156
22158
22161
22163
22165
22168
22170
22173
22175
22177
22180
22182
22185
22187
22189
22192
22194
22197
22199
22201
22204
22206
22209
22211
22213
22216
22218
22221
22223
22225
22228
22230
22233
22235
22237
22240
22242
22245
22247
22250
22252
22254
22257
22259
22262
22264
22266
22269
22271
22274
22276
22278
22281
22283
22286
22288
22290
22293
22295
22298
22300
22302
22305
22307
22310
22312
22314
22317
22319
22322
22324
22326
22329
22331
22334
22336
22338
22341
22343
22346
22348
22350
22353
22355
22358
22360
22362
22365
22367
22370
22372
22375
22377
22379
22382
22384
22387
22389
22391
22394
22396
22399
22401
22403
22406
22408
22411
22413
22415
22418
22420
22423
22425
22427
22430
22432
22435
22437
22439
22442
22444
22447
22449
22451
22454
22456
22459
22461
22463
22466
22468
22471
22473
22475
22478
22480
22483
22485
22487
22490
22492
22495
22497
22500
22502
22504
22507
22509
22512
22514
22516
22519
22521
22524
22526
22528
22531
22533
22536
22538
22540
22543
22545
22548
22550
22552
22555
22557
22560
22562
22564
22567
22569
22572
22574
22576
22579
22581
22584
22586
22588
22591
22593
22596
22598
22600
22603
22605
22608
22610
22612
22615
22617
22620
22622
22625
22627
22629
22632
22634
22637
22639
22641
22644
22646
22649
22651
22653
22656
22658
22661
22663
22665
22668
22670
22673
22675
22677
22680
22682
22685
22687
22689
22692
22694
22697
22699
22701
22704
22706
22709
22711
22713
22716
22718
22721
22723
22725
22728
22730
22733
22735
22737
22740
22742
22745
22747
22750
22752
22754
22757
22759
22762
22764
22766
22769
22771
22774
22776
22778
22781
22783
22786
22788
22790
22793
22795
22798
22800
22802
22805
22807
22810
22812
22814
22817
22819
22822
22824
22826
22829
22831
22834
22836
22838
22841
22843
22846
22848
22850
22853
22855
22858
22860
22862
22865
22867
22870
22872
22875
22877
22879
22882
22884
22887
22889
22891
22894
22896
22899
22901
22903
22906
22908
22911
22913
22915
22918
22920
22923
22925
22927
22930
22932
22935
22937
22939
22942
22944
22947
22949
22951
22954
22956
22959
22961
22963
22966
22968
22971
22973
22975
22978
22980
22983
22985
22987
22990
22992
22995
22997
23000
23002
23004
23007
23009
23012
23014
23016
23019
23021
23024
23026
23028
23031
23033
23036
23038
23040
23043
23045
23048
23050
23052
23055
23057
23060
23062
23064
23067
23069
23072
23074
23076
23079
23081
23084
23086
23088
23091
23093
23096
23098
23100
23103
23105
23108
23110
23112
23115
23117
23120
23122
23125
23127
23129
23132
23134
23137
23139
23141
23144
23146
23149
23151
23153
23156
23158
23161
23163
23165
23168
23170
23173
23175
23177
23180
23182
23185
23187
23189
23192
23194
23197
23199
23201
23204
23206
23209
23211
23213
23216
23218
23221
23223
23225
23228
23230
23233
23235
23237
23240
23242
23245
23247
23250
23252
23254
23257
23259
23262
23264
23266
23269
23271
23274
23276
23278
23281
23283
23286
23288
23290
23293
23295
23298
23300
23302
23305
23307
23310
23312
23314
23317
23319
23322
23324
23326
23329
23331
23334
23336
23338
23341
23343
23346
23348
23350
23353
23355
23358
23360
23362
23365
23367
23370
23372
23375
23377
23379
23382
23384
23387
23389
23391
23394
23396
23399
23401
23403
23406
23408
23411
23413
23415
23418
23420
23423
23425
23427
23430
23432
23435
23437
23439
23442
23444
23447
23449
23451
23454
23456
23459
23461
23463
23466
23468
23471
23473
23475
23478
23480
23483
23485
23487
23490
23492
23495
23497
23500
23502
23504
23507
23509
23512
23514
23516
23519
23521
23524
23526
23528
23531
23533
23536
23538
23540
23543
23545
23548
23550
23552
23555
23557
23560
23562
23564
23567
23569
23572
23574
23576
23579
23581
23584
23586
23588
23591
23593
23596
23598
23600
23603
23605
23608
23610
23612
23615
23617
23620
23622
23625
23627
23629
23632
23634
23637
23639
23641
23644
23646
23649
23651
23653
23656
23658
23661
23663
23665
23668
23670
23673
23675
23677
23680
23682
23685
23687
23689
23692
23694
23697
23699
23701
23704
23706
23709
23711
23713
23716
23718
23721
23723
23725
23728
23730
23733
23735
23737
23740
23742
23745
23747
23750
23752
23754
23757
23759
23762
23764
23766
23769
23771
23774
23776
23778
23781
23783
23786
23788
23790
23793
23795
23798
23800
23802
23805
23807
23810
23812
23814
23817
23819
23822
23824
23826
23829
23831
23834
23836
23838
23841
23843
23846
23848
23850
23853
23855
23858
23860
23862
23865
23867
23870
23872
23875
23877
23879
23882
23884
23887
23889
23891
23894
23896
23899
23901
23903
23906
23908
23911
23913
23915
23918
23920
23923
23925
23927
23930
23932
23935
23937
23939
23942
23944
23947
23949
23951
23954
23956
23959
23961
23963
23966
23968
23971
23973
23975
23978
23980
23983
23985
23987
23990
23992
23995
23997
24000
24002
24004
24007
24009
24012
24014
24016
24019
24021
24024
24026
24028
24031
24033
24036
24038
24040
24043
24045
24048
24050
24052
24055
24057
24060
24062
24064
24067
24069
24072
24074
24076
24079
24081
24084
24086
24088
24091
24093
24096
24098
24100
24103
24105
24108
24110
24112
24115
24117
24120
24122
24125
24127
24129
24132
24134
24137
24139
24141
24144
24146
24149
24151
24153
24156
24158
24161
24163
24165
24168
24170
24173
24175
24177
24180
24182
24185
24187
24189
24192
24194
24197
24199
24201
24204
24206
24209
24211
24213
24216
24218
24221
24223
24225
24228
24230
24233
24235
24237
24240
24242
24245
24247
24250
24252
24254
24257
24259
24262
24264
24266
24269
24271
24274
24276
24278
24281
24283
24286
24288
24290
24293
24295
24298
24300
24302
24305
24307
24310
24312
24314
24317
24319
24322
24324
24326
24329
24331
24334
24336
24338
24341
24343
24346
24348
24350
24353
24355
24358
24360
24362
24365
24367
24370
24372
24375
24377
24379
24382
24384
24387
24389
24391
24394
24396
24399
24401
24403
24406
24408
24411
24413
24415
24418
24420
24423
24425
24427
24430
24432
24435
24437
24439
24442
24444
24447
24449
24451
24454
24456
24459
24461
24463
24466
24468
24471
24473
24475
24478
24480
24483
24485
24487
24490
24492
24495
24497
24500
24502
24504
24507
24509
24512
24514
24516
24519
24521
24524
24526
24528
24531
24533
24536
24538
24540
24543
24545
24548
24550
24552
24555
24557
24560
24562
24564
24567
24569
24572
24574
24576
24579
24581
24584
24586
24588
24591
24593
24596
24598
24600
24603
24605
24608
24610
24612
24615
24617
24620
24622
24625
24627
24629
24632
24634
24637
24639
24641
24644
24646
24649
24651
24653
24656
24658
24661
24663
24665
24668
24670
24673
24675
24677
24680
24682
24685
24687
24689
24692
24694
24697
24699
24701
24704
24706
24709
24711
24713
24716
24718
24721
24723
24725
24728
24730
24733
24735
24737
24740
24742
24745
24747
24750
24752
24754
24757
24759
24762
24764
24766
24769
24771
24774
24776
24778
24781
24783
24786
24788
24790
24793
24795
24798
24800
24802
24805
24807
24810
24812
24814
24817
24819
24822
24824
24826
24829
24831
24834
24836
24838
24841
24843
24846
24848
24850
24853
24855
24858
24860
24862
24865
24867
24870
24872
24875
24877
24879
24882
24884
24887
24889
24891
24894
24896
24899
24901
24903
24906
24908
24911
24913
24915
24918
24920
24923
24925
24927
24930
24932
24935
24937
24939
24942
24944
24947
24949
24951
24954
24956
24959
24961
24963
24966
24968
24971
24973
24975
24978
24980
24983
24985
24987
24990
24992
24995
24997
25000
25002
25004
25007
25009
25012
25014
25016
25019
25021
25024
25026
25028
25031
25033
25036
25038
25040
25043
25045
25048
25050
25052
25055
25057
25060
25062
25064
25067
25069
25072
25074
25076
25079
25081
25084
25086
25088
25091
25093
25096
25098
25100
25103
25105
25108
25110
25112
25115
25117
25120
25122
25125
25127
25129
25132
25134
25137
25139
25141
25144
25146
25149
25151
25153
25156
25158
25161
25163
25165
25168
25170
25173
25175
25177
25180
25182
25185
25187
25189
25192
25194
25197
25199
25201
25204
25206
25209
25211
25213
25216
25218
25221
25223
25225
25228
25230
25233
25235
25237
25240
25242
25245
25247
25250
25252
25254
25257
25259
25262
25264
25266
25269
25271
25274
25276
25278
25281
25283
25286
25288
25290
25293
25295
25298
25300
25302
25305
25307
25310
25312
25314
25317
25319
25322
25324
25326
25329
25331
25334
25336
25338
25341
25343
25346
25348
25350
25353
25355
25358
25360
25362
25365
25367
25370
25372
25375
25377
25379
25382
25384
25387
25389
25391
25394
25396
25399
25401
25403
25406
25408
25411
25413
25415
25418
25420
25423
25425
25427
25430
25432
25435
25437
25439
25442
25444
25447
25449
25451
25454
25456
25459
25461
25463
25466
25468
25471
25473
25475
25478
25480
25483
25485
25487
25490
25492
25495
25497
25500
25502
25504
25507
25509
25512
25514
25516
25519
25521
25524
25526
25528
25531
25533
25536
25538
25540
25543
25545
25548
25550
25552
25555
25557
25560
25562
25564
25567
25569
25572
25574
25576
25579
25581
25584
25586
25588
25591
25593
25596
25598
25600
25603
25605
25608
25610
25612
25615
25617
25620
25622
25625
25627
25629
25632
25634
25637
25639
25641
25644
25646
25649
25651
25653
25656
25658
25661
25663
25665
25668
25670
25673
25675
25677
25680
25682
25685
25687
25689
25692
25694
25697
25699
25701
25704
25706
25709
25711
25713
25716
25718
25721
25723
25725
25728
25730
25733
25735
25737
25740
25742
25745
25747
25750
25752
25754
25757
25759
25762
25764
25766
25769
25771
25774
25776
25778
25781
25783
25786
25788
25790
25793
25795
25798
25800
25802
25805
25807
25810
25812
25814
25817
25819
25822
25824
25826
25829
25831
25834
25836
25838
25841
25843
25846
25848
25850
25853
25855
25858
25860
25862
25865
25867
25870
25872
25875
25877
25879
25882
25884
25887
25889
25891
25894
25896
25899
25901
25903
25906
25908
25911
25913
25915
25918
25920
25923
25925
25927
25930
25932
25935
25937
25939
25942
25944
25947
25949
25951
25954
25956
25959
25961
25963
25966
25968
25971
25973
25975
25978
25980
25983
25985
25987
25990
25992
25995
25997
26000
26002
26004
26007
26009
26012
26014
26016
26019
26021
26024
26026
26028
26031
26033
26036
26038
26040
26043
26045
26048
26050
26052
26055
26057
26060
26062
26064
26067
26069
26072
26074
26076
26079
26081
26084
26086
26088
26091
26093
26096
26098
26100
26103
26105
26108
26110
26112
26115
26117
26120
26122
26125
26127
26129
26132
26134
26137
26139
26141
26144
26146
26149
26151
26153
26156
26158
26161
26163
26165
26168
26170
26173
26175
26177
26180
26182
26185
26187
26189
26192
26194
26197
26199
26201
26204
26206
26209
26211
26213
26216
26218
26221
26223
26225
26228
26230
26233
26235
26237
26240
26242
26245
26247
26250
26252
26254
26257
26259
26262
26264
26266
26269
26271
26274
26276
26278
26281
26283
26286
26288
26290
26293
26295
26298
26300
26302
26305
26307
26310
26312
26314
26317
26319
26322
26324
26326
26329
26331
26334
26336
26338
26341
26343
26346
26348
26350
26353
26355
26358
26360
26362
26365
26367
26370
26372
26375
26377
26379
26382
26384
26387
26389
26391
26394
26396
26399
26401
26403
26406
26408
26411
26413
26415
26418
26420
26423
26425
26427
26430
26432
26435
26437
26439
26442
26444
26447
26449
26451
26454
26456
26459
26461
26463
26466
26468
26471
26473
26475
26478
26480
26483
26485
26487
26490
26492
26495
26497
26500
26502
26504
26507
26509
26512
26514
26516
26519
26521
26524
26526
26528
26531
26533
26536
26538
26540
26543
26545
26548
26550
26552
26555
26557
26560
26562
26564
26567
26569
26572
26574
26576
26579
26581
26584
26586
26588
26591
26593
26596
26598
26600
26603
26605
26608
26610
26612
26615
26617
26620
26622
26625
26627
26629
26632
26634
26637
26639
26641
26644
26646
26649
26651
26653
26656
26658
26661
26663
26665
26668
26670
26673
26675
26677
26680
26682
26685
26687
26689
26692
26694
26697
26699
26701
26704
26706
26709
26711
26713
26716
26718
26721
26723
26725
26728
26730
26733
26735
26737
26740
26742
26745
26747
26750
26752
26754
26757
26759
26762
26764
26766
26769
26771
26774
26776
26778
26781
26783
26786
26788
26790
26793
26795
26798
26800
26802
26805
26807
26810
26812
26814
26817
26819
26822
26824
26826
26829
26831
26834
26836
26838
26841
26843
26846
26848
26850
26853
26855
26858
26860
26862
26865
26867
26870
26872
26875
26877
26879
26882
26884
26887
26889
26891
26894
26896
26899
26901
26903
26906
26908
26911
26913
26915
26918
26920
26923
26925
26927
26930
26932
26935
26937
26939
26942
26944
26947
26949
26951
26954
26956
26959
26961
26963
26966
26968
26971
26973
26975
26978
26980
26983
26985
26987
26990
26992
26995
26997
27000
27002
27004
27007
27009
27012
27014
27016
27019
27021
27024
27026
27028
27031
27033
27036
27038
27040
27043
27045
27048
27050
27052
27055
27057
27060
27062
27064
27067
27069
27072
27074
27076
27079
27081
27084
27086
27088
27091
27093
27096
27098
27100
27103
27105
27108
27110
27112
27115
27117
27120
27122
27125
27127
27129
27132
27134
27137
27139
27141
27144
27146
27149
27151
27153
27156
27158
27161
27163
27165
27168
27170
27173
27175
27177
27180
27182
27185
27187
27189
27192
27194
27197
27199
27201
27204
27206
27209
27211
27213
27216
27218
27221
27223
27225
27228
27230
27233
27235
27237
27240
27242
27245
27247
27250
27252
27254
27257
27259
27262
27264
27266
27269
27271
27274
27276
27278
27281
27283
27286
27288
27290
27293
27295
27298
27300
27302
27305
27307
27310
27312
27314
27317
27319
27322
27324
27326
27329
27331
27334
27336
27338
27341
27343
27346
27348
27350
27353
27355
27358
27360
27362
27365
27367
27370
27372
27375
27377
27379
27382
27384
27387
27389
27391
27394
27396
27399
27401
27403
27406
27408
27411
27413
27415
27418
27420
27423
27425
27427
27430
27432
27435
27437
27439
27442
27444
27447
27449
27451
27454
27456
27459
27461
27463
27466
27468
27471
27473
27475
27478
27480
27483
27485
27487
27490
27492
27495
27497
27500
27502
27504
27507
27509
27512
27514
27516
27519
27521
27524
27526
27528
27531
27533
27536
27538
27540
27543
27545
27548
27550
27552
27555
27557
27560
27562
27564
27567
27569
27572
27574
27576
27579
27581
27584
27586
27588
27591
27593
27596
27598
27600
27603
27605
27608
27610
27612
27615
27617
27620
27622
27625
27627
27629
27632
27634
27637
27639
27641
27644
27646
27649
27651
27653
27656
27658
27661
27663
27665
27668
27670
27673
27675
27677
27680
27682
27685
27687
27689
27692
27694
27697
27699
27701
27704
27706
27709
27711
27713
27716
27718
27721
27723
27725
27728
27730
27733
27735
27737
27740
27742
27745
27747
27750
27752
27754
27757
27759
27762
27764
27766
27769
27771
27774
27776
27778
27781
27783
27786
27788
27790
27793
27795
27798
27800
27802
27805
27807
27810
27812
27814
27817
27819
27822
27824
27826
27829
27831
27834
27836
27838
27841
27843
27846
27848
27850
27853
27855
27858
27860
27862
27865
27867
27870
27872
27875
27877
27879
27882
27884
27887
27889
27891
27894
27896
27899
27901
27903
27906
27908
27911
27913
27915
27918
27920
27923
27925
27927
27930
27932
27935
27937
27939
27942
27944
27947
27949
27951
27954
27956
27959
27961
27963
27966
27968
27971
27973
27975
27978
27980
27983
27985
27987
27990
27992
27995
27997
28000
28002
28004
28007
28009
28012
28014
28016
28019
28021
28024
28026
28028
28031
28033
28036
28038
28040
28043
28045
28048
28050
28052
28055
28057
28060
28062
28064
28067
28069
28072
28074
28076
28079
28081
28084
28086
28088
28091
28093
28096
28098
28100
28103
28105
28108
28110
28112
28115
28117
28120
28122
28125
28127
28129
28132
28134
28137
28139
28141
28144
28146
28149
28151
28153
28156
28158
28161
28163
28165
28168
28170
28173
28175
28177
28180
28182
28185
28187
28189
28192
28194
28197
28199
28201
28204
28206
28209
28211
28213
28216
28218
28221
28223
28225
28228
28230
28233
28235
28237
28240
28242
28245
28247
28250
28252
28254
28257
28259
28262
28264
28266
28269
28271
28274
28276
28278
28281
28283
28286
28288
28290
28293
28295
28298
28300
28302
28305
28307
28310
28312
28314
28317
28319
28322
28324
28326
28329
28331
28334
28336
28338
28341
28343
28346
28348
28350
28353
28355
28358
28360
28362
28365
28367
28370
28372
28375
28377
28379
28382
28384
28387
28389
28391
28394
28396
28399
28401
28403
28406
28408
28411
28413
28415
28418
28420
28423
28425
28427
28430
28432
28435
28437
28439
28442
28444
28447
28449
28451
28454
28456
28459
28461
28463
28466
28468
28471
28473
28475
28478
28480
28483
28485
28487
28490
28492
28495
28497
28500
28502
28504
28507
28509
28512
28514
28516
28519
28521
28524
28526
28528
28531
28533
28536
28538
28540
28543
28545
28548
28550
28552
28555
28557
28560
28562
28564
28567
28569
28572
28574
28576
28579
28581
28584
28586
28588
28591
28593
28596
28598
28600
28603
28605
28608
28610
28612
28615
28617
28620
28622
28625
28627
28629
28632
28634
28637
28639
28641
28644
28646
28649
28651
28653
28656
28658
28661
28663
28665
28668
28670
28673
28675
28677
28680
28682
28685
28687
28689
28692
28694
28697
28699
28701
28704
28706
28709
28711
28713
28716
28718
28721
28723
28725
28728
28730
28733
28735
28737
28740
28742
28745
28747
28750
28752
28754
28757
28759
28762
28764
28766
28769
28771
28774
28776
28778
28781
28783
28786
28788
28790
28793
28795
28798
28800
28802
28805
28807
28810
28812
28814
28817
28819
28822
28824
28826
28829
28831
28834
28836
28838
28841
28843
28846
28848
28850
28853
28855
28858
28860
28862
28865
28867
28870
28872
28875
28877
28879
28882
28884
28887
28889
28891
28894
28896
28899
28901
28903
28906
28908
28911
28913
28915
28918
28920
28923
28925
28927
28930
28932
28935
28937
28939
28942
28944
28947
28949
28951
28954
28956
28959
28961
28963
28966
28968
28971
28973
28975
28978
28980
28983
28985
28987
28990
28992
28995
28997
29000
29002
29004
29007
29009
29012
29014
29016
29019
29021
29024
29026
29028
29031
29033
29036
29038
29040
29043
29045
29048
29050
29052
29055
29057
29060
29062
29064
29067
29069
29072
29074
29076
29079
29081
29084
29086
29088
29091
29093
29096
29098
29100
29103
29105
29108
29110
29112
29115
29117
29120
29122
29125
29127
29129
29132
29134
29137
29139
29141
29144
29146
29149
29151
29153
29156
29158
29161
29163
29165
29168
29170
29173
29175
29177
29180
29182
29185
29187
29189
29192
29194
29197
29199
29201
29204
29206
29209
29211
29213
29216
29218
29221
29223
29225
29228
29230
29233
29235
29237
29240
29242
29245
29247
29250
29252
29254
29257
29259
29262
29264
29266
29269
29271
29274
29276
29278
29281
29283
29286
29288
29290
29293
29295
29298
29300
29302
29305
29307
29310
29312
29314
29317
29319
29322
29324
29326
29329
29331
29334
29336
29338
29341
29343
29346
29348
29350
29353
29355
29358
29360
29362
29365
29367
29370
29372
29375
29377
29379
29382
29384
29387
29389
29391
29394
29396
29399
29401
29403
29406
29408
29411
29413
29415
29418
29420
29423
29425
29427
29430
29432
29435
29437
29439
29442
29444
29447
29449
29451
29454
29456
29459
29461
29463
29466
29468
29471
29473
29475
29478
29480
29483
29485
29487
29490
29492
29495
29497
29500
29502
29504
29507
29509
29512
29514
29516
29519
29521
29524
29526
29528
29531
29533
29536
29538
29540
29543
29545
29548
29550
29552
29555
29557
29560
29562
29564
29567
29569
29572
29574
29576
29579
29581
29584
29586
29588
29591
29593
29596
29598
29600
29603
29605
29608
29610
29612
29615
29617
29620
29622
29625
29627
29629
29632
29634
29637
29639
29641
29644
29646
29649
29651
29653
29656
29658
29661
29663
29665
29668
29670
29673
29675
29677
29680
29682
29685
29687
29689
29692
29694
29697
29699
29701
29704
29706
29709
29711
29713
29716
29718
29721
29723
29725
29728
29730
29733
29735
29737
29740
29742
29745
29747
29750
29752
29754
29757
29759
29762
29764
29766
29769
29771
29774
29776
29778
29781
29783
29786
29788
29790
29793
29795
29798
29800
29802
29805
29807
29810
29812
29814
29817
29819
29822
29824
29826
29829
29831
29834
29836
29838
29841
29843
29846
29848
29850
29853
29855
29858
29860
29862
29865
29867
29870
29872
29875
29877
29879
29882
29884
29887
29889
29891
29894
29896
29899
29901
29903
29906
29908
29911
29913
29915
29918
29920
29923
29925
29927
29930
29932
29935
29937
29939
29942
29944
29947
29949
29951
29954
29956
29959
29961
29963
29966
29968
29971
29973
29975
29978
29980
29983
29985
29987
29990
29992
29995
29997
30000
30002
30004
30007
30009
30012
30014
30016
30019
30021
30024
30026
30028
30031
30033
30036
30038
30040
30043
30045
30048
30050
30052
30055
30057
30060
30062
30064
30067
30069
30072
30074
30076
30079
30081
30084
30086
30088
30091
30093
30096
30098
30100
30103
30105
30108
30110
30112
30115
30117
30120
30122
30125
30127
30129
30132
30134
30137
30139
30141
30144
30146
30149
30151
30153
30156
30158
30161
30163
30165
30168
30170
30173
30175
30177
30180
30182
30185
30187
30189
30192
30194
30197
30199
30201
30204
30206
30209
30211
30213
30216
30218
30221
30223
30225
30228
30230
30233
30235
30237
30240
30242
30245
30247
30250
30252
30254
30257
30259
30262
30264
30266
30269
30271
30274
30276
30278
30281
30283
30286
30288
30290
30293
30295
30298
30300
30302
30305
30307
30310
30312
30314
30317
30319
30322
30324
30326
30329
30331
30334
30336
30338
30341
30343
30346
30348
30350
30353
30355
30358
30360
30362
30365
30367
30370
30372
30375
30377
30379
30382
30384
30387
30389
30391
30394
30396
30399
30401
30403
30406
30408
30411
30413
30415
30418
30420
30423
30425
30427
30430
30432
30435
30437
30439
30442
30444
30447
30449
30451
30454
30456
30459
30461
30463
30466
30468
30471
30473
30475
30478
30480
30483
30485
30487
30490
30492
30495
30497
30500
30502
30504
30507
30509
30512
30514
30516
30519
30521
30524
30526
30528
30531
30533
30536
30538
30540
30543
30545
30548
30550
30552
30555
30557
30560
30562
30564
30567
30569
30572
30574
30576
30579
30581
30584
30586
30588
30591
30593
30596
30598
30600
30603
30605
30608
30610
30612
30615
30617
30620
30622
30625
30627
30629
30632
30634
30637
30639
30641
30644
30646
30649
30651
30653
30656
30658
30661
30663
30665
30668
30670
30673
30675
30677
30680
30682
30685
30687
30689
30692
30694
30697
30699
30701
30704
30706
30709
30711
30713
30716
30718
30721
30723
30725
30728
30730
30733
30735
30737
30740
30742
30745
30747
30750
30752
30754
30757
30759
30762
30764
30766
30769
30771
30774
30776
30778
30781
30783
30786
30788
30790
30793
30795
30798
30800
30802
30805
30807
30810
30812
30814
30817
30819
30822
30824
30826
30829
30831
30834
30836
30838
30841
30843
30846
30848
30850
30853
30855
30858
30860
30862
30865
30867
30870
30872
30875
30877
30879
30882
30884
30887
30889
30891
30894
30896
30899
30901
30903
30906
30908
30911
30913
30915
30918
30920
30923
30925
30927
30930
30932
30935
30937
30939
30942
30944
30947
30949
30951
30954
30956
30959
30961
30963
30966
30968
30971
30973
30975
30978
30980
30983
30985
30987
30990
30992
30995
30997
31000
31002
31004
31007
31009
31012
31014
31016
31019
31021
31024
31026
31028
31031
31033
31036
31038
31040
31043
31045
31048
31050
31052
31055
31057
31060
31062
31064
31067
31069
31072
31074
31076
31079
31081
31084
31086
31088
31091
31093
31096
31098
31100
31103
31105
31108
31110
31112
31115
31117
31120
31122
31125
31127
31129
31132
31134
31137
31139
31141
31144
31146
31149
31151
31153
31156
31158
31161
31163
31165
31168
31170
31173
31175
31177
31180
31182
31185
31187
31189
31192
31194
31197
31199
31201
31204
31206
31209
31211
31213
31216
31218
31221
31223
31225
31228
31230
31233
31235
31237
31240
31242
31245
31247
31250
31252
31254
31257
31259
31262
31264
31266
31269
31271
31274
31276
31278
31281
31283
31286
31288
31290
31293
31295
31298
31300
31302
31305
31307
31310
31312
31314
31317
31319
31322
31324
31326
31329
31331
31334
31336
31338
31341
31343
31346
31348
31350
31353
31355
31358
31360
31362
31365
31367
31370
31372
31375
31377
31379
31382
31384
31387
31389
31391
31394
31396
31399
31401
31403
31406
31408
31411
31413
31415
31418
31420
31423
31425
31427
31430
31432
31435
31437
31439
31442
31444
31447
31449
31451
31454
31456
31459
31461
31463
31466
31468
31471
31473
31475
31478
31480
31483
31485
31487
31490
31492
31495
31497
31500
31502
31504
31507
31509
31512
31514
31516
31519
31521
31524
31526
31528
31531
31533
31536
31538
31540
31543
31545
31548
31550
31552
31555
31557
31560
31562
31564
31567
31569
31572
31574
31576
31579
31581
31584
31586
31588
31591
31593
31596
31598
31600
31603
31605
31608
31610
31612
31615
31617
31620
31622
31625
31627
31629
31632
31634
31637
31639
31641
31644
31646
31649
31651
31653
31656
31658
31661
31663
31665
31668
31670
31673
31675
31677
31680
31682
31685
31687
31689
31692
31694
31697
31699
31701
31704
31706
31709
31711
31713
31716
31718
31721
31723
31725
31728
31730
31733
31735
31737
31740
31742
31745
31747
31750
31752
31754
31757
31759
31762
31764
31766
31769
31771
31774
31776
31778
31781
31783
31786
31788
31790
31793
31795
31798
31800
31802
31805
31807
31810
31812
31814
31817
31819
31822
31824
31826
31829
31831
31834
31836
31838
31841
31843
31846
31848
31850
31853
31855
31858
31860
31862
31865
31867
31870
31872
31875
31877
31879
31882
31884
31887
31889
31891
31894
31896
31899
31901
31903
31906
31908
31911
31913
31915
31918
31920
31923
31925
31927
31930
31932
31935
31937
31939
31942
31944
31947
31949
31951
31954
31956
31959
31961
31963
31966
31968
31971
31973
31975
31978
31980
31983
31985
31987
31990
31992
31995
31997
32000
32002
32004
32007
32009
32012
32014
32016
32019
32021
32024
32026
32028
32031
32033
32036
32038
32040
32043
32045
32048
32050
32052
32055
32057
32060
32062
32064
32067
32069
32072
32074
32076
32079
32081
32084
32086
32088
32091
32093
32096
32098
32100
32103
32105
32108
32110
32112
32115
32117
32120
32122
32125
32127
32129
32132
32134
32137
32139
32141
32144
32146
32149
32151
32153
32156
32158
32161
32163
32165
32168
32170
32173
32175
32177
32180
32182
32185
32187
32189
32192
32194
32197
32199
32201
32204
32206
32209
32211
32213
32216
32218
32221
32223
32225
32228
32230
32233
32235
32237
32240
32242
32245
32247
32250
32252
32254
32257
32259
32262
32264
32266
32269
32271
32274
32276
32278
32281
32283
32286
32288
32290
32293
32295
32298
32300
32302
32305
32307
32310
32312
32314
32317
32319
32322
32324
32326
32329
32331
32334
32336
32338
32341
32343
32346
32348
32350
32353
32355
32358
32360
32362
32365
32367
32370
32372
32375
32377
32379
32382
32384
32387
32389
32391
32394
32396
32399
32401
32403
32406
32408
32411
32413
32415
32418
32420
32423
32425
32427
32430
32432
32435
32437
32439
32442
32444
32447
32449
32451
32454
32456
32459
32461
32463
32466
32468
32471
32473
32475
32478
32480
32483
32485
32487
32490
32492
32495
32497
32500
32502
32504
32507
32509
32512
32514
32516
32519
32521
32524
32526
32528
32531
32533
32536
32538
32540
32543
32545
32548
32550
32552
32555
32557
32560
32562
32564
32567
32569
32572
32574
32576
32579
32581
32584
32586
32588
32591
32593
32596
32598
32600
32603
32605
32608
32610
32612
32615
32617
32620
32622
32625
32627
32629
32632
32634
32637
32639
32641
32644
32646
32649
32651
32653
32656
32658
32661
32663
32665
32668
32670
32673
32675
32677
32680
32682
32685
32687
32689
32692
32694
32697
32699
32701
32704
32706
32709
32711
32713
32716
32718
32721
32723
32725
32728
32730
32733
32735
32737
32740
32742
32745
32747
32750
32752
32754
32757
32759
32762
32764
32766
32769
32771
32774
32776
32778
32781
32783
32786
32788
32790
32793
32795
32798
32800
32802
32805
32807
32810
32812
32814
32817
32819
32822
32824
32826
32829
32831
32834
32836
32838
32841
32843
32846
32848
32850
32853
32855
32858
32860
32862
32865
32867
32870
32872
32875
32877
32879
32882
32884
32887
32889
32891
32894
32896
32899
32901
32903
32906
32908
32911
32913
32915
32918
32920
32923
32925
32927
32930
32932
32935
32937
32939
32942
32944
32947
32949
32951
32954
32956
32959
32961
32963
32966
32968
32971
32973
32975
32978
32980
32983
32985
32987
32990
32992
32995
32997
33000
33002
33004
33007
33009
33012
33014
33016
33019
33021
33024
33026
33028
33031
33033
33036
33038
33040
33043
33045
33048
33050
33052
33055
33057
33060
33062
33064
33067
33069
33072
33074
33076
33079
33081
33084
33086
33088
33091
33093
33096
33098
33100
33103
33105
33108
33110
33112
33115
33117
33120
33122
33125
33127
33129
33132
33134
33137
33139
33141
33144
33146
33149
33151
33153
33156
33158
33161
33163
33165
33168
33170
33173
33175
33177
33180
33182
33185
33187
33189
33192
33194
33197
33199
33201
33204
33206
33209
33211
33213
33216
33218
33221
33223
33225
33228
33230
33233
33235
33237
33240
33242
33245
33247
33250
33252
33254
33257
33259
33262
33264
33266
33269
33271
33274
33276
33278
33281
33283
33286
33288
33290
33293
33295
33298
33300
33302
33305
33307
33310
33312
33314
33317
33319
33322
33324
33326
33329
33331
33334
33336
33338
33341
33343
33346
33348
33350
33353
33355
33358
33360
33362
33365
33367
33370
33372
33375
33377
33379
33382
33384
33387
33389
33391
33394
33396
33399
33401
33403
33406
33408
33411
33413
33415
33418
33420
33423
33425
33427
33430
33432
33435
33437
33439
33442
33444
33447
33449
33451
33454
33456
33459
33461
33463
33466
33468
33471
33473
33475
33478
33480
33483
33485
33487
33490
33492
33495
33497
33500
33502
33504
33507
33509
33512
33514
33516
33519
33521
33524
33526
33528
33531
33533
33536
33538
33540
33543
33545
33548
33550
33552
33555
33557
33560
33562
33564
33567
33569
33572
33574
33576
33579
33581
33584
33586
33588
33591
33593
33596
33598
33600
33603
33605
33608
33610
33612
33615
33617
33620
33622
33625
33627
33629
33632
33634
33637
33639
33641
33644
33646
33649
33651
33653
33656
33658
33661
33663
33665
33668
33670
33673
33675
33677
33680
33682
33685
33687
33689
33692
33694
33697
33699
33701
33704
33706
33709
33711
33713
33716
33718
33721
33723
33725
33728
33730
33733
33735
33737
33740
33742
33745
33747
33750
33752
33754
33757
33759
33762
33764
33766
33769
33771
33774
33776
33778
33781
33783
33786
33788
33790
33793
33795
33798
33800
33802
33805
33807
33810
33812
33814
33817
33819
33822
33824
33826
33829
33831
33834
33836
33838
33841
33843
33846
33848
33850
33853
33855
33858
33860
33862
33865
33867
33870
33872
33875
33877
33879
33882
33884
33887
33889
33891
33894
33896
33899
33901
33903
33906
33908
33911
33913
33915
33918
33920
33923
33925
33927
33930
33932
33935
33937
33939
33942
33944
33947
33949
33951
33954
33956
33959
33961
33963
33966
33968
33971
33973
33975
33978
33980
33983
33985
33987
33990
33992
33995
33997
34000
34002
34004
34007
34009
34012
34014
34016
34019
34021
34024
34026
34028
34031
34033
34036
34038
34040
34043
34045
34048
34050
34052
34055
34057
34060
34062
34064
34067
34069
34072
34074
34076
34079
34081
34084
34086
34088
34091
34093
34096
34098
34100
34103
34105
34108
34110
34112
34115
34117
34120
34122
34125
34127
34129
34132
34134
34137
34139
34141
34144
34146
34149
34151
34153
34156
34158
34161
34163
34165
34168
34170
34173
34175
34177
34180
34182
34185
34187
34189
34192
34194
34197
34199
34201
34204
34206
34209
34211
34213
34216
34218
34221
34223
34225
34228
34230
34233
34235
34237
34240
34242
34245
34247
34250
34252
34254
34257
34259
34262
34264
34266
34269
34271
34274
34276
34278
34281
34283
34286
34288
34290
34293
34295
34298
34300
34302
34305
34307
34310
34312
34314
34317
34319
34322
34324
34326
34329
34331
34334
34336
34338
34341
34343
34346
34348
34350
34353
34355
34358
34360
34362
34365
34367
34370
34372
34375
34377
34379
34382
34384
34387
34389
34391
34394
34396
34399
34401
34403
34406
34408
34411
34413
34415
34418
34420
34423
34425
34427
34430
34432
34435
34437
34439
34442
34444
34447
34449
34451
34454
34456
34459
34461
34463
34466
34468
34471
34473
34475
34478
34480
34483
34485
34487
34490
34492
34495
34497
34500
34502
34504
34507
34509
34512
34514
34516
34519
34521
34524
34526
34528
34531
34533
34536
34538
34540
34543
34545
34548
34550
34552
34555
34557
34560
34562
34564
34567
34569
34572
34574
34576
34579
34581
34584
34586
34588
34591
34593
34596
34598
34600
34603
34605
34608
34610
34612
34615
34617
34620
34622
34625
34627
34629
34632
34634
34637
34639
34641
34644
34646
34649
34651
34653
34656
34658
34661
34663
34665
34668
34670
34673
34675
34677
34680
34682
34685
34687
34689
34692
34694
34697
34699
34701
34704
34706
34709
34711
34713
34716
34718
34721
34723
34725
34728
34730
34733
34735
34737
34740
34742
34745
34747
34750
34752
34754
34757
34759
34762
34764
34766
34769
34771
34774
34776
34778
34781
34783
34786
34788
34790
34793
34795
34798
34800
34802
34805
34807
34810
34812
34814
34817
34819
34822
34824
34826
34829
34831
34834
34836
34838
34841
34843
34846
34848
34850
34853
34855
34858
34860
34862
34865
34867
34870
34872
34875
34877
34879
34882
34884
34887
34889
34891
34894
34896
34899
34901
34903
34906
34908
34911
34913
34915
34918
34920
34923
34925
34927
34930
34932
34935
34937
34939
34942
34944
34947
34949
34951
34954
34956
34959
34961
34963
34966
34968
34971
34973
34975
34978
34980
34983
34985
34987
34990
34992
34995
34997
35000
35002
35004
35007
35009
35012
35014
35016
35019
35021
35024
35026
35028
35031
35033
35036
35038
35040
35043
35045
35048
35050
35052
35055
35057
35060
35062
35064
35067
35069
35072
35074
35076
35079
35081
35084
35086
35088
35091
35093
35096
35098
35100
35103
35105
35108
35110
35112
35115
35117
35120
35122
35125
35127
35129
35132
35134
35137
35139
35141
35144
35146
35149
35151
35153
35156
35158
35161
35163
35165
35168
35170
35173
35175
35177
35180
35182
35185
35187
35189
35192
35194
35197
35199
35201
35204
35206
35209
35211
35213
35216
35218
35221
35223
35225
35228
35230
35233
35235
35237
35240
35242
35245
35247
35250
35252
35254
35257
35259
35262
35264
35266
35269
35271
35274
35276
35278
35281
35283
35286
35288
35290
35293
35295
35298
35300
35302
35305
35307
35310
35312
35314
35317
35319
35322
35324
35326
35329
35331
35334
35336
35338
35341
35343
35346
35348
35350
35353
35355
35358
35360
35362
35365
35367
35370
35372
35375
35377
35379
35382
35384
35387
35389
35391
35394
35396
35399
35401
35403
35406
35408
35411
35413
35415
35418
35420
35423
35425
35427
35430
35432
35435
35437
35439
35442
35444
35447
35449
35451
35454
35456
35459
35461
35463
35466
35468
35471
35473
35475
35478
35480
35483
35485
35487
35490
35492
35495
35497
35500
35502
35504
35507
35509
35512
35514
35516
35519
35521
35524
35526
35528
35531
35533
35536
35538
35540
35543
35545
35548
35550
35552
35555
35557
35560
35562
35564
35567
35569
35572
35574
35576
35579
35581
35584
35586
35588
35591
35593
35596
35598
35600
35603
35605
35608
35610
35612
35615
35617
35620
35622
35625
35627
35629
35632
35634
35637
35639
35641
35644
35646
35649
35651
35653
35656
35658
35661
35663
35665
35668
35670
35673
35675
35677
35680
35682
35685
35687
35689
35692
35694
35697
35699
35701
35704
35706
35709
35711
35713
35716
35718
35721
35723
35725
35728
35730
35733
35735
35737
35740
35742
35745
35747
35750
35752
35754
35757
35759
35762
35764
35766
35769
35771
35774
35776
35778
35781
35783
35786
35788
35790
35793
35795
35798
35800
35802
35805
35807
35810
35812
35814
35817
35819
35822
35824
35826
35829
35831
35834
35836
35838
35841
35843
35846
35848
35850
35853
35855
35858
35860
35862
35865
35867
35870
35872
35875
35877
35879
35882
35884
35887
35889
35891
35894
35896
35899
35901
35903
35906
35908
35911
35913
35915
35918
35920
35923
35925
35927
35930
35932
35935
35937
35939
35942
35944
35947
35949
35951
35954
35956
35959
35961
35963
35966
35968
35971
35973
35975
35978
35980
35983
35985
35987
35990
35992
35995
35997
36000
36002
36004
36007
36009
36012
36014
36016
36019
36021
36024
36026
36028
36031
36033
36036
36038
36040
36043
36045
36048
36050
36052
36055
36057
36060
36062
36064
36067
36069
36072
36074
36076
36079
36081
36084
36086
36088
36091
36093
36096
36098
36100
36103
36105
36108
36110
36112
36115
36117
36120
36122
36125
36127
36129
36132
36134
36137
36139
36141
36144
36146
36149
36151
36153
36156
36158
36161
36163
36165
36168
36170
36173
36175
36177
36180
36182
36185
36187
36189
36192
36194
36197
36199
36201
36204
36206
36209
36211
36213
36216
36218
36221
36223
36225
36228
36230
36233
36235
36237
36240
36242
36245
36247
36250
36252
36254
36257
36259
36262
36264
36266
36269
36271
36274
36276
36278
36281
36283
36286
36288
36290
36293
36295
36298
36300
36302
36305
36307
36310
36312
36314
36317
36319
36322
36324
36326
36329
36331
36334
36336
36338
36341
36343
36346
36348
36350
36353
36355
36358
36360
36362
36365
36367
36370
36372
36375
36377
36379
36382
36384
36387
36389
36391
36394
36396
36399
36401
36403
36406
36408
36411
36413
36415
36418
36420
36423
36425
36427
36430
36432
36435
36437
36439
36442
36444
36447
36449
36451
36454
36456
36459
36461
36463
36466
36468
36471
36473
36475
36478
36480
36483
36485
36487
36490
36492
36495
36497
36500
36502
36504
36507
36509
36512
36514
36516
36519
36521
36524
36526
36528
36531
36533
36536
36538
36540
36543
36545
36548
36550
36552
36555
36557
36560
36562
36564
36567
36569
36572
36574
36576
36579
36581
36584
36586
36588
36591
36593
36596
36598
36600
36603
36605
36608
36610
36612
36615
36617
36620
36622
36625
36627
36629
36632
36634
36637
36639
36641
36644
36646
36649
36651
36653
36656
36658
36661
36663
36665
36668
36670
36673
36675
36677
36680
36682
36685
36687
36689
36692
36694
36697
36699
36701
36704
36706
36709
36711
36713
36716
36718
36721
36723
36725
36728
36730
36733
36735
36737
36740
36742
36745
36747
36750
36752
36754
36757
36759
36762
36764
36766
36769
36771
36774
36776
36778
36781
36783
36786
36788
36790
36793
36795
36798
36800
36802
36805
36807
36810
36812
36814
36817
36819
36822
36824
36826
36829
36831
36834
36836
36838
36841
36843
36846
36848
36850
36853
36855
36858
36860
36862
36865
36867
36870
36872
36875
36877
36879
36882
36884
36887
36889
36891
36894
36896
36899
36901
36903
36906
36908
36911
36913
36915
36918
36920
36923
36925
36927
36930
36932
36935
36937
36939
36942
36944
36947
36949
36951
36954
36956
36959
36961
36963
36966
36968
36971
36973
36975
36978
36980
36983
36985
36987
36990
36992
36995
36997
37000
37002
37004
37007
37009
37012
37014
37016
37019
37021
37024
37026
37028
37031
37033
37036
37038
37040
37043
37045
37048
37050
37052
37055
37057
37060
37062
37064
37067
37069
37072
37074
37076
37079
37081
37084
37086
37088
37091
37093
37096
37098
37100
37103
37105
37108
37110
37112
37115
37117
37120
37122
37125
37127
37129
37132
37134
37137
37139
37141
37144
37146
37149
37151
37153
37156
37158
37161
37163
37165
37168
37170
37173
37175
37177
37180
37182
37185
37187
37189
37192
37194
37197
37199
37201
37204
37206
37209
37211
37213
37216
37218
37221
37223
37225
37228
37230
37233
37235
37237
37240
37242
37245
37247
37250
37252
37254
37257
37259
37262
37264
37266
37269
37271
37274
37276
37278
37281
37283
37286
37288
37290
37293
37295
37298
37300
37302
37305
37307
37310
37312
37314
37317
37319
37322
37324
37326
37329
37331
37334
37336
37338
37341
37343
37346
37348
37350
37353
37355
37358
37360
37362
37365
37367
37370
37372
37375
37377
37379
37382
37384
37387
37389
37391
37394
37396
37399
37401
37403
37406
37408
37411
37413
37415
37418
37420
37423
37425
37427
37430
37432
37435
37437
37439
37442
37444
37447
37449
37451
37454
37456
37459
37461
37463
37466
37468
37471
37473
37475
37478
37480
37483
37485
37487
37490
37492
37495
37497
37500
37502
37504
37507
37509
37512
37514
37516
37519
37521
37524
37526
37528
37531
37533
37536
37538
37540
37543
37545
37548
37550
37552
37555
37557
37560
37562
37564
37567
37569
37572
37574
37576
37579
37581
37584
37586
37588
37591
37593
37596
37598
37600
37603
37605
37608
37610
37612
37615
37617
37620
37622
37625
37627
37629
37632
37634
37637
37639
37641
37644
37646
37649
37651
37653
37656
37658
37661
37663
37665
37668
37670
37673
37675
37677
37680
37682
37685
37687
37689
37692
37694
37697
37699
37701
37704
37706
37709
37711
37713
37716
37718
37721
37723
37725
37728
37730
37733
37735
37737
37740
37742
37745
37747
37750
37752
37754
37757
37759
37762
37764
37766
37769
37771
37774
37776
37778
37781
37783
37786
37788
37790
37793
37795
37798
37800
37802
37805
37807
37810
37812
37814
37817
37819
37822
37824
37826
37829
37831
37834
37836
37838
37841
37843
37846
37848
37850
37853
37855
37858
37860
37862
37865
37867
37870
37872
37875
37877
37879
37882
37884
37887
37889
37891
37894
37896
37899
37901
37903
37906
37908
37911
37913
37915
37918
37920
37923
37925
37927
37930
37932
37935
37937
37939
37942
37944
37947
37949
37951
37954
37956
37959
37961
37963
37966
37968
37971
37973
37975
37978
37980
37983
37985
37987
37990
37992
37995
37997
38000
38002
38004
38007
38009
38012
38014
38016
38019
38021
38024
38026
38028
38031
38033
38036
38038
38040
38043
38045
38048
38050
38052
38055
38057
38060
38062
38064
38067
38069
38072
38074
38076
38079
38081
38084
38086
38088
38091
38093
38096
38098
38100
38103
38105
38108
38110
38112
38115
38117
38120
38122
38125
38127
38129
38132
38134
38137
38139
38141
38144
38146
38149
38151
38153
38156
38158
38161
38163
38165
38168
38170
38173
38175
38177
38180
38182
38185
38187
38189
38192
38194
38197
38199
38201
38204
38206
38209
38211
38213
38216
38218
38221
38223
38225
38228
38230
38233
38235
38237
38240
38242
38245
38247
38250
38252
38254
38257
38259
38262
38264
38266
38269
38271
38274
38276
38278
38281
38283
38286
38288
38290
38293
38295
38298
38300
38302
38305
38307
38310
38312
38314
38317
38319
38322
38324
38326
38329
38331
38334
38336
38338
38341
38343
38346
38348
38350
38353
38355
38358
38360
38362
38365
38367
38370
38372
38375
38377
38379
38382
38384
38387
38389
38391
38394
38396
38399
38401
38403
38406
38408
38411
38413
38415
38418
38420
38423
38425
38427
38430
38432
38435
38437
38439
38442
38444
38447
38449
38451
38454
38456
38459
38461
38463
38466
38468
38471
38473
38475
38478
38480
38483
38485
38487
38490
38492
38495
38497
38500
38502
38504
38507
38509
38512
38514
38516
38519
38521
38524
38526
38528
38531
38533
38536
38538
38540
38543
38545
38548
38550
38552
38555
38557
38560
38562
38564
38567
38569
38572
38574
38576
38579
38581
38584
38586
38588
38591
38593
38596
38598
38600
38603
38605
38608
38610
38612
38615
38617
38620
38622
38625
38627
38629
38632
38634
38637
38639
38641
38644
38646
38649
38651
38653
38656
38658
38661
38663
38665
38668
38670
38673
38675
38677
38680
38682
38685
38687
38689
38692
38694
38697
38699
38701
38704
38706
38709
38711
38713
38716
38718
38721
38723
38725
38728
38730
38733
38735
38737
38740
38742
38745
38747
38750
38752
38754
38757
38759
38762
38764
38766
38769
38771
38774
38776
38778
38781
38783
38786
38788
38790
38793
38795
38798
38800
38802
38805
38807
38810
38812
38814
38817
38819
38822
38824
38826
38829
38831
38834
38836
38838
38841
38843
38846
38848
38850
38853
38855
38858
38860
38862
38865
38867
38870
38872
38875
38877
38879
38882
38884
38887
38889
38891
38894
38896
38899
38901
38903
38906
38908
38911
38913
38915
38918
38920
38923
38925
38927
38930
38932
38935
38937
38939
38942
38944
38947
38949
38951
38954
38956
38959
38961
38963
38966
38968
38971
38973
38975
38978
38980
38983
38985
38987
38990
38992
38995
38997
39000
39002
39004
39007
39009
39012
39014
39016
39019
39021
39024
39026
39028
39031
39033
39036
39038
39040
39043
39045
39048
39050
39052
39055
39057
39060
39062
39064
39067
39069
39072
39074
39076
39079
39081
39084
39086
39088
39091
39093
39096
39098
39100
39103
39105
39108
39110
39112
39115
39117
39120
39122
39125
39127
39129
39132
39134
39137
39139
39141
39144
39146
39149
39151
39153
39156
39158
39161
39163
39165
39168
39170
39173
39175
39177
39180
39182
39185
39187
39189
39192
39194
39197
39199
39201
39204
39206
39209
39211
39213
39216
39218
39221
39223
39225
39228
39230
39233
39235
39237
39240
39242
39245
39247
39250
39252
39254
39257
39259
39262
39264
39266
39269
39271
39274
39276
39278
39281
39283
39286
39288
39290
39293
39295
39298
39300
39302
39305
39307
39310
39312
39314
39317
39319
39322
39324
39326
39329
39331
39334
39336
39338
39341
39343
39346
39348
39350
39353
39355
39358
39360
39362
39365
39367
39370
39372
39375
39377
39379
39382
39384
39387
39389
39391
39394
39396
39399
39401
39403
39406
39408
39411
39413
39415
39418
39420
39423
39425
39427
39430
39432
39435
39437
39439
39442
39444
39447
39449
39451
39454
39456
39459
39461
39463
39466
39468
39471
39473
39475
39478
39480
39483
39485
39487
39490
39492
39495
39497
39500
39502
39504
39507
39509
39512
39514
39516
39519
39521
39524
39526
39528
39531
39533
39536
39538
39540
39543
39545
39548
39550
39552
39555
39557
39560
39562
39564
39567
39569
39572
39574
39576
39579
39581
39584
39586
39588
39591
39593
39596
39598
39600
39603
39605
39608
39610
39612
39615
39617
39620
39622
39625
39627
39629
39632
39634
39637
39639
39641
39644
39646
39649
39651
39653
39656
39658
39661
39663
39665
39668
39670
39673
39675
39677
39680
39682
39685
39687
39689
39692
39694
39697
39699
39701
39704
39706
39709
39711
39713
39716
39718
39721
39723
39725
39728
39730
39733
39735
39737
39740
39742
39745
39747
39750
39752
39754
39757
39759
39762
39764
39766
39769
39771
39774
39776
39778
39781
39783
39786
39788
39790
39793
39795
39798
39800
39802
39805
39807
39810
39812
39814
39817
39819
39822
39824
39826
39829
39831
39834
39836
39838
39841
39843
39846
39848
39850
39853
39855
39858
39860
39862
39865
39867
39870
39872
39875
39877
39879
39882
39884
39887
39889
39891
39894
39896
39899
39901
39903
39906
39908
39911
39913
39915
39918
39920
39923
39925
39927
39930
39932
39935
39937
39939
39942
39944
39947
39949
39951
39954
39956
39959
39961
39963
39966
39968
39971
39973
39975
39978
39980
39983
39985
39987
39990
39992
39995
39997
40000
40002
40004
40007
40009
40012
40014
40016
40019
40021
40024
40026
40028
40031
40033
40036
40038
40040
40043
40045
40048
40050
40052
40055
40057
40060
40062
40064
40067
40069
40072
40074
40076
40079
40081
40084
40086
40088
40091
40093
40096
40098
40100
40103
40105
40108
40110
40112
40115
40117
40120
40122
40125
40127
40129
40132
40134
40137
40139
40141
40144
40146
40149
40151
40153
40156
40158
40161
40163
40165
40168
40170
40173
40175
40177
40180
40182
40185
40187
40189
40192
40194
40197
40199
40201
40204
40206
40209
40211
40213
40216
40218
40221
40223
40225
40228
40230
40233
40235
40237
40240
40242
40245
40247
40250
40252
40254
40257
40259
40262
40264
40266
40269
40271
40274
40276
40278
40281
40283
40286
40288
40290
40293
40295
40298
40300
40302
40305
40307
40310
40312
40314
40317
40319
40322
40324
40326
40329
40331
40334
40336
40338
40341
40343
40346
40348
40350
40353
40355
40358
40360
40362
40365
40367
40370
40372
40375
40377
40379
40382
40384
40387
40389
40391
40394
40396
40399
40401
40403
40406
40408
40411
40413
40415
40418
40420
40423
40425
40427
40430
40432
40435
40437
40439
40442
40444
40447
40449
40451
40454
40456
40459
40461
40463
40466
40468
40471
40473
40475
40478
40480
40483
40485
40487
40490
40492
40495
40497
40500
40502
40504
40507
40509
40512
40514
40516
40519
40521
40524
40526
40528
40531
40533
40536
40538
40540
40543
40545
40548
40550
40552
40555
40557
40560
40562
40564
40567
40569
40572
40574
40576
40579
40581
40584
40586
40588
40591
40593
40596
40598
40600
40603
40605
40608
40610
40612
40615
40617
40620
40622
40625
40627
40629
40632
40634
40637
40639
40641
40644
40646
40649
40651
40653
40656
40658
40661
40663
40665
40668
40670
40673
40675
40677
40680
40682
40685
40687
40689
40692
40694
40697
40699
40701
40704
40706
40709
40711
40713
40716
40718
40721
40723
40725
40728
40730
40733
40735
40737
40740
40742
40745
40747
40750
40752
40754
40757
40759
40762
40764
40766
40769
40771
40774
40776
40778
40781
40783
40786
40788
40790
40793
40795
40798
40800
40802
40805
40807
40810
40812
40814
40817
40819
40822
40824
40826
40829
40831
40834
40836
40838
40841
40843
40846
40848
40850
40853
40855
40858
40860
40862
40865
40867
40870
40872
40875
40877
40879
40882
40884
40887
40889
40891
40894
40896
40899
40901
40903
40906
40908
40911
40913
40915
40918
40920
40923
40925
40927
40930
40932
40935
40937
40939
40942
40944
40947
40949
40951
40954
40956
40959
40961
40963
40966
40968
40971
40973
40975
40978
40980
40983
40985
40987
40990
40992
40995
40997
41000
41002
41004
41007
41009
41012
41014
41016
41019
41021
41024
41026
41028
41031
41033
41036
41038
41040
41043
41045
41048
41050
41052
41055
41057
41060
41062
41064
41067
41069
41072
41074
41076
41079
41081
41084
41086
41088
41091
41093
41096
41098
41100
41103
41105
41108
41110
41112
41115
41117
41120
41122
41125
41127
41129
41132
41134
41137
41139
41141
41144
41146
41149
41151
41153
41156
41158
41161
41163
41165
41168
41170
41173
41175
41177
41180
41182
41185
41187
41189
41192
41194
41197
41199
41201
41204
41206
41209
41211
41213
41216
41218
41221
41223
41225
41228
41230
41233
41235
41237
41240
41242
41245
41247
41250
41252
41254
41257
41259
41262
41264
41266
41269
41271
41274
41276
41278
41281
41283
41286
41288
41290
41293
41295
41298
41300
41302
41305
41307
41310
41312
41314
41317
41319
41322
41324
41326
41329
41331
41334
41336
41338
41341
41343
41346
41348
41350
41353
41355
41358
41360
41362
41365
41367
41370
41372
41375
41377
41379
41382
41384
41387
41389
41391
41394
41396
41399
41401
41403
41406
41408
41411
41413
41415
41418
41420
41423
41425
41427
41430
41432
41435
41437
41439
41442
41444
41447
41449
41451
41454
41456
41459
41461
41463
41466
41468
41471
41473
41475
41478
41480
41483
41485
41487
41490
41492
41495
41497
41500
41502
41504
41507
41509
41512
41514
41516
41519
41521
41524
41526
41528
41531
41533
41536
41538
41540
41543
41545
41548
41550
41552
41555
41557
41560
41562
41564
41567
41569
41572
41574
41576
41579
41581
41584
41586
41588
41591
41593
41596
41598
41600
41603
41605
41608
41610
41612
41615
41617
41620
41622
41625
41627
41629
41632
41634
41637
41639
41641
41644
41646
41649
41651
41653
41656
41658
41661
41663
41665
41668
41670
41673
41675
41677
41680
41682
41685
41687
41689
41692
41694
41697
41699
41701
41704
41706
41709
41711
41713
41716
41718
41721
41723
41725
41728
41730
41733
41735
41737
41740
41742
41745
41747
41750
41752
41754
41757
41759
41762
41764
41766
41769
41771
41774
41776
41778
41781
41783
41786
41788
41790
41793
41795
41798
41800
41802
41805
41807
41810
41812
41814
41817
41819
41822
41824
41826
41829
41831
41834
41836
41838
41841
41843
41846
41848
41850
41853
41855
41858
41860
41862
41865
41867
41870
41872
41875
41877
41879
41882
41884
41887
41889
41891
41894
41896
41899
41901
41903
41906
41908
41911
41913
41915
41918
41920
41923
41925
41927
41930
41932
41935
41937
41939
41942
41944
41947
41949
41951
41954
41956
41959
41961
41963
41966
41968
41971
41973
41975
41978
41980
41983
41985
41987
41990
41992
41995
41997
42000
42002
42004
42007
42009
42012
42014
42016
42019
42021
42024
42026
42028
42031
42033
42036
42038
42040
42043
42045
42048
42050
42052
42055
42057
42060
42062
42064
42067
42069
42072
42074
42076
42079
42081
42084
42086
42088
42091
42093
42096
42098
42100
42103
42105
42108
42110
42112
42115
42117
42120
42122
42125
42127
42129
42132
42134
42137
42139
42141
42144
42146
42149
42151
42153
42156
42158
42161
42163
42165
42168
42170
42173
42175
42177
42180
42182
42185
42187
42189
42192
42194
42197
42199
42201
42204
42206
42209
42211
42213
42216
42218
42221
42223
42225
42228
42230
42233
42235
42237
42240
42242
42245
42247
42250
42252
42254
42257
42259
42262
42264
42266
42269
42271
42274
42276
42278
42281
42283
42286
42288
42290
42293
42295
42298
42300
42302
42305
42307
42310
42312
42314
42317
42319
42322
42324
42326
42329
42331
42334
42336
42338
42341
42343
42346
42348
42350
42353
42355
42358
42360
42362
42365
42367
42370
42372
42375
42377
42379
42382
42384
42387
42389
42391
42394
42396
42399
42401
42403
42406
42408
42411
42413
42415
42418
42420
42423
42425
42427
42430
42432
42435
42437
42439
42442
42444
42447
42449
42451
42454
42456
42459
42461
42463
42466
42468
42471
42473
42475
42478
42480
42483
42485
42487
42490
42492
42495
42497
42500
42502
42504
42507
42509
42512
42514
42516
42519
42521
42524
42526
42528
42531
42533
42536
42538
42540
42543
42545
42548
42550
42552
42555
42557
42560
42562
42564
42567
42569
42572
42574
42576
42579
42581
42584
42586
42588
42591
42593
42596
42598
42600
42603
42605
42608
42610
42612
42615
42617
42620
42622
42625
42627
42629
42632
42634
42637
42639
42641
42644
42646
42649
42651
42653
42656
42658
42661
42663
42665
42668
42670
42673
42675
42677
42680
42682
42685
42687
42689
42692
42694
42697
42699
42701
42704
42706
42709
42711
42713
42716
42718
42721
42723
42725
42728
42730
42733
42735
42737
42740
42742
42745
42747
42750
42752
42754
42757
42759
42762
42764
42766
42769
42771
42774
42776
42778
42781
42783
42786
42788
42790
42793
42795
42798
42800
42802
42805
42807
42810
42812
42814
42817
42819
42822
42824
42826
42829
42831
42834
42836
42838
42841
42843
42846
42848
42850
42853
42855
42858
42860
42862
42865
42867
42870
42872
42875
42877
42879
42882
42884
42887
42889
42891
42894
42896
42899
42901
42903
42906
42908
42911
42913
42915
42918
42920
42923
42925
42927
42930
42932
42935
42937
42939
42942
42944
42947
42949
42951
42954
42956
42959
42961
42963
42966
42968
42971
42973
42975
42978
42980
42983
42985
42987
42990
42992
42995
42997
43000
43002
43004
43007
43009
43012
43014
43016
43019
43021
43024
43026
43028
43031
43033
43036
43038
43040
43043
43045
43048
43050
43052
43055
43057
43060
43062
43064
43067
43069
43072
43074
43076
43079
43081
43084
43086
43088
43091
43093
43096
43098
43100
43103
43105
43108
43110
43112
43115
43117
43120
43122
43125
43127
43129
43132
43134
43137
43139
43141
43144
43146
43149
43151
43153
43156
43158
43161
43163
43165
43168
43170
43173
43175
43177
43180
43182
43185
43187
43189
43192
43194
43197
43199
43201
43204
43206
43209
43211
43213
43216
43218
43221
43223
43225
43228
43230
43233
43235
43237
43240
43242
43245
43247
43250
43252
43254
43257
43259
43262
43264
43266
43269
43271
43274
43276
43278
43281
43283
43286
43288
43290
43293
43295
43298
43300
43302
43305
43307
43310
43312
43314
43317
43319
43322
43324
43326
43329
43331
43334
43336
43338
43341
43343
43346
43348
43350
43353
43355
43358
43360
43362
43365
43367
43370
43372
43375
43377
43379
43382
43384
43387
43389
43391
43394
43396
43399
43401
43403
43406
43408
43411
43413
43415
43418
43420
43423
43425
43427
43430
43432
43435
43437
43439
43442
43444
43447
43449
43451
43454
43456
43459
43461
43463
43466
43468
43471
43473
43475
43478
43480
43483
43485
43487
43490
43492
43495
43497
43500
43502
43504
43507
43509
43512
43514
43516
43519
43521
43524
43526
43528
43531
43533
43536
43538
43540
43543
43545
43548
43550
43552
43555
43557
43560
43562
43564
43567
43569
43572
43574
43576
43579
43581
43584
43586
43588
43591
43593
43596
43598
43600
43603
43605
43608
43610
43612
43615
43617
43620
43622
43625
43627
43629
43632
43634
43637
43639
43641
43644
43646
43649
43651
43653
43656
43658
43661
43663
43665
43668
43670
43673
43675
43677
43680
43682
43685
43687
43689
43692
43694
43697
43699
43701
43704
43706
43709
43711
43713
43716
43718
43721
43723
43725
43728
43730
43733
43735
43737
43740
43742
43745
43747
43750
43752
43754
43757
43759
43762
43764
43766
43769
43771
43774
43776
43778
43781
43783
43786
43788
43790
43793
43795
43798
43800
43802
43805
43807
43810
43812
43814
43817
43819
43822
43824
43826
43829
43831
43834
43836
43838
43841
43843
43846
43848
43850
43853
43855
43858
43860
43862
43865
43867
43870
43872
43875
43877
43879
43882
43884
43887
43889
43891
43894
43896
43899
43901
43903
43906
43908
43911
43913
43915
43918
43920
43923
43925
43927
43930
43932
43935
43937
43939
43942
43944
43947
43949
43951
43954
43956
43959
43961
43963
43966
43968
43971
43973
43975
43978
43980
43983
43985
43987
43990
43992
43995
43997
44000
44002
44004
44007
44009
44012
44014
44016
44019
44021
44024
44026
44028
44031
44033
44036
44038
44040
44043
44045
44048
44050
44052
44055
44057
44060
44062
44064
44067
44069
44072
44074
44076
44079
44081
44084
44086
44088
44091
44093
44096
44098
44100
44103
44105
44108
44110
44112
44115
44117
44120
44122
44125
44127
44129
44132
44134
44137
44139
44141
44144
44146
44149
44151
44153
44156
44158
44161
44163
44165
44168
44170
44173
44175
44177
44180
44182
44185
44187
44189
44192
44194
44197
44199
44201
44204
44206
44209
44211
44213
44216
44218
44221
44223
44225
44228
44230
44233
44235
44237
44240
44242
44245
44247
44250
44252
44254
44257
44259
44262
44264
44266
44269
44271
44274
44276
44278
44281
44283
44286
44288
44290
44293
44295
44298
44300
44302
44305
44307
44310
44312
44314
44317
44319
44322
44324
44326
44329
44331
44334
44336
44338
44341
44343
44346
44348
44350
44353
44355
44358
44360
44362
44365
44367
44370
44372
44375
44377
44379
44382
44384
44387
44389
44391
44394
44396
44399
44401
44403
44406
44408
44411
44413
44415
44418
44420
44423
44425
44427
44430
44432
44435
44437
44439
44442
44444
44447
44449
44451
44454
44456
44459
44461
44463
44466
44468
44471
44473
44475
44478
44480
44483
44485
44487
44490
44492
44495
44497
44500
44502
44504
44507
44509
44512
44514
44516
44519
44521
44524
44526
44528
44531
44533
44536
44538
44540
44543
44545
44548
44550
44552
44555
44557
44560
44562
44564
44567
44569
44572
44574
44576
44579
44581
44584
44586
44588
44591
44593
44596
44598
44600
44603
44605
44608
44610
44612
44615
44617
44620
44622
44625
44627
44629
44632
44634
44637
44639
44641
44644
44646
44649
44651
44653
44656
44658
44661
44663
44665
44668
44670
44673
44675
44677
44680
44682
44685
44687
44689
44692
44694
44697
44699
44701
44704
44706
44709
44711
44713
44716
44718
44721
44723
44725
44728
44730
44733
44735
44737
44740
44742
44745
44747
44750
44752
44754
44757
44759
44762
44764
44766
44769
44771
44774
44776
44778
44781
44783
44786
44788
44790
44793
44795
44798
44800
44802
44805
44807
44810
44812
44814
44817
44819
44822
44824
44826
44829
44831
44834
44836
44838
44841
44843
44846
44848
44850
44853
44855
44858
44860
44862
44865
44867
44870
44872
44875
44877
44879
44882
44884
44887
44889
44891
44894
44896
44899
44901
44903
44906
44908
44911
44913
44915
44918
44920
44923
44925
44927
44930
44932
44935
44937
44939
44942
44944
44947
44949
44951
44954
44956
44959
44961
44963
44966
44968
44971
44973
44975
44978
44980
44983
44985
44987
44990
44992
44995
44997
45000
45002
45004
45007
45009
45012
45014
45016
45019
45021
45024
45026
45028
45031
45033
45036
45038
45040
45043
45045
45048
45050
45052
45055
45057
45060
45062
45064
45067
45069
45072
45074
45076
45079
45081
45084
45086
45088
45091
45093
45096
45098
45100
45103
45105
45108
45110
45112
45115
45117
45120
45122
45125
45127
45129
45132
45134
45137
45139
45141
45144
45146
45149
45151
45153
45156
45158
45161
45163
45165
45168
45170
45173
45175
45177
45180
45182
45185
45187
45189
45192
45194
45197
45199
45201
45204
45206
45209
45211
45213
45216
45218
45221
45223
45225
45228
45230
45233
45235
45237
45240
45242
45245
45247
45250
45252
45254
45257
45259
45262
45264
45266
45269
45271
45274
45276
45278
45281
45283
45286
45288
45290
45293
45295
45298
45300
45302
45305
45307
45310
45312
45314
45317
45319
45322
45324
45326
45329
45331
45334
45336
45338
45341
45343
45346
45348
45350
45353
45355
45358
45360
45362
45365
45367
45370
45372
45375
45377
45379
45382
45384
45387
45389
45391
45394
45396
45399
45401
45403
45406
45408
45411
45413
45415
45418
45420
45423
45425
45427
45430
45432
45435
45437
45439
45442
45444
45447
45449
45451
45454
45456
45459
45461
45463
45466
45468
45471
45473
45475
45478
45480
45483
45485
45487
45490
45492
45495
45497
45500
45502
45504
45507
45509
45512
45514
45516
45519
45521
45524
45526
45528
45531
45533
45536
45538
45540
45543
45545
45548
45550
45552
45555
45557
45560
45562
45564
45567
45569
45572
45574
45576
45579
45581
45584
45586
45588
45591
45593
45596
45598
45600
45603
45605
45608
45610
45612
45615
45617
45620
45622
45625
45627
45629
45632
45634
45637
45639
45641
45644
45646
45649
45651
45653
45656
45658
45661
45663
45665
45668
45670
45673
45675
45677
45680
45682
45685
45687
45689
45692
45694
45697
45699
45701
45704
45706
45709
45711
45713
45716
45718
45721
45723
45725
45728
45730
45733
45735
45737
45740
45742
45745
45747
45750
45752
45754
45757
45759
45762
45764
45766
45769
45771
45774
45776
45778
45781
45783
45786
45788
45790
45793
45795
45798
45800
45802
45805
45807
45810
45812
45814
45817
45819
45822
45824
45826
45829
45831
45834
45836
45838
45841
45843
45846
45848
45850
45853
45855
45858
45860
45862
45865
45867
45870
45872
45875
45877
45879
45882
45884
45887
45889
45891
45894
45896
45899
45901
45903
45906
45908
45911
45913
45915
45918
45920
45923
45925
45927
45930
45932
45935
45937
45939
45942
45944
45947
45949
45951
45954
45956
45959
45961
45963
45966
45968
45971
45973
45975
45978
45980
45983
45985
45987
45990
45992
45995
45997
46000
46002
46004
46007
46009
46012
46014
46016
46019
46021
46024
46026
46028
46031
46033
46036
46038
46040
46043
46045
46048
46050
46052
46055
46057
46060
46062
46064
46067
46069
46072
46074
46076
46079
46081
46084
46086
46088
46091
46093
46096
46098
46100
46103
46105
46108
46110
46112
46115
46117
46120
46122
46125
46127
46129
46132
46134
46137
46139
46141
46144
46146
46149
46151
46153
46156
46158
46161
46163
46165
46168
46170
46173
46175
46177
46180
46182
46185
46187
46189
46192
46194
46197
46199
46201
46204
46206
46209
46211
46213
46216
46218
46221
46223
46225
46228
46230
46233
46235
46237
46240
46242
46245
46247
46250
46252
46254
46257
46259
46262
46264
46266
46269
46271
46274
46276
46278
46281
46283
46286
46288
46290
46293
46295
46298
46300
46302
46305
46307
46310
46312
46314
46317
46319
46322
46324
46326
46329
46331
46334
46336
46338
46341
46343
46346
46348
46350
46353
46355
46358
46360
46362
46365
46367
46370
46372
46375
46377
46379
46382
46384
46387
46389
46391
46394
46396
46399
46401
46403
46406
46408
46411
46413
46415
46418
46420
46423
46425
46427
46430
46432
46435
46437
46439
46442
46444
46447
46449
46451
46454
46456
46459
46461
46463
46466
46468
46471
46473
46475
46478
46480
46483
46485
46487
46490
46492
46495
46497
46500
46502
46504
46507
46509
46512
46514
46516
46519
46521
46524
46526
46528
46531
46533
46536
46538
46540
46543
46545
46548
46550
46552
46555
46557
46560
46562
46564
46567
46569
46572
46574
46576
46579
46581
46584
46586
46588
46591
46593
46596
46598
46600
46603
46605
46608
46610
46612
46615
46617
46620
46622
46625
46627
46629
46632
46634
46637
46639
46641
46644
46646
46649
46651
46653
46656
46658
46661
46663
46665
46668
46670
46673
46675
46677
46680
46682
46685
46687
46689
46692
46694
46697
46699
46701
46704
46706
46709
46711
46713
46716
46718
46721
46723
46725
46728
46730
46733
46735
46737
46740
46742
46745
46747
46750
46752
46754
46757
46759
46762
46764
46766
46769
46771
46774
46776
46778
46781
46783
46786
46788
46790
46793
46795
46798
46800
46802
46805
46807
46810
46812
46814
46817
46819
46822
46824
46826
46829
46831
46834
46836
46838
46841
46843
46846
46848
46850
46853
46855
46858
46860
46862
46865
46867
46870
46872
46875
46877
46879
46882
46884
46887
46889
46891
46894
46896
46899
46901
46903
46906
46908
46911
46913
46915
46918
46920
46923
46925
46927
46930
46932
46935
46937
46939
46942
46944
46947
46949
46951
46954
46956
46959
46961
46963
46966
46968
46971
46973
46975
46978
46980
46983
46985
46987
46990
46992
46995
46997
47000
47002
47004
47007
47009
47012
47014
47016
47019
47021
47024
47026
47028
47031
47033
47036
47038
47040
47043
47045
47048
47050
47052
47055
47057
47060
47062
47064
47067
47069
47072
47074
47076
47079
47081
47084
47086
47088
47091
47093
47096
47098
47100
47103
47105
47108
47110
47112
47115
47117
47120
47122
47125
47127
47129
47132
47134
47137
47139
47141
47144
47146
47149
47151
47153
47156
47158
47161
47163
47165
47168
47170
47173
47175
47177
47180
47182
47185
47187
47189
47192
47194
47197
47199
47201
47204
47206
47209
47211
47213
47216
47218
47221
47223
47225
47228
47230
47233
47235
47237
47240
47242
47245
47247
47250
47252
47254
47257
47259
47262
47264
47266
47269
47271
47274
47276
47278
47281
47283
47286
47288
47290
47293
47295
47298
47300
47302
47305
47307
47310
47312
47314
47317
47319
47322
47324
47326
47329
47331
47334
47336
47338
47341
47343
47346
47348
47350
47353
47355
47358
47360
47362
47365
47367
47370
47372
47375
47377
47379
47382
47384
47387
47389
47391
47394
47396
47399
47401
47403
47406
47408
47411
47413
47415
47418
47420
47423
47425
47427
47430
47432
47435
47437
47439
47442
47444
47447
47449
47451
47454
47456
47459
47461
47463
47466
47468
47471
47473
47475
47478
47480
47483
47485
47487
47490
47492
47495
47497
47500
47502
47504
47507
47509
47512
47514
47516
47519
47521
47524
47526
47528
47531
47533
47536
47538
47540
47543
47545
47548
47550
47552
47555
47557
47560
47562
47564
47567
47569
47572
47574
47576
47579
47581
47584
47586
47588
47591
47593
47596
47598
47600
47603
47605
47608
47610
47612
47615
47617
47620
47622
47625
47627
47629
47632
47634
47637
47639
47641
47644
47646
47649
47651
47653
47656
47658
47661
47663
47665
47668
47670
47673
47675
47677
47680
47682
47685
47687
47689
47692
47694
47697
47699
47701
47704
47706
47709
47711
47713
47716
47718
47721
47723
47725
47728
47730
47733
47735
47737
47740
47742
47745
47747
47750
47752
47754
47757
47759
47762
47764
47766
47769
47771
47774
47776
47778
47781
47783
47786
47788
47790
47793
47795
47798
47800
47802
47805
47807
47810
47812
47814
47817
47819
47822
47824
47826
47829
47831
47834
47836
47838
47841
47843
47846
47848
47850
47853
47855
47858
47860
47862
47865
47867
47870
47872
47875
47877
47879
47882
47884
47887
47889
47891
47894
47896
47899
47901
47903
47906
47908
47911
47913
47915
47918
47920
47923
47925
47927
47930
47932
47935
47937
47939
47942
47944
47947
47949
47951
47954
47956
47959
47961
47963
47966
47968
47971
47973
47975
47978
47980
47983
47985
47987
47990
47992
47995
47997
48000
48002
48004
48007
48009
48012
48014
48016
48019
48021
48024
48026
48028
48031
48033
48036
48038
48040
48043
48045
48048
48050
48052
48055
48057
48060
48062
48064
48067
48069
48072
48074
48076
48079
48081
48084
48086
48088
48091
48093
48096
48098
48100
48103
48105
48108
48110
48112
48115
48117
48120
48122
48125
48127
48129
48132
48134
48137
48139
48141
48144
48146
48149
48151
48153
48156
48158
48161
48163
48165
48168
48170
48173
48175
48177
48180
48182
48185
48187
48189
48192
48194
48197
48199
48201
48204
48206
48209
48211
48213
48216
48218
48221
48223
48225
48228
48230
48233
48235
48237
48240
48242
48245
48247
48250
48252
48254
48257
48259
48262
48264
48266
48269
48271
48274
48276
48278
48281
48283
48286
48288
48290
48293
48295
48298
48300
48302
48305
48307
48310
48312
48314
48317
48319
48322
48324
48326
48329
48331
48334
48336
48338
48341
48343
48346
48348
48350
48353
48355
48358
48360
48362
48365
48367
48370
48372
48375
48377
48379
48382
48384
48387
48389
48391
48394
48396
48399
48401
48403
48406
48408
48411
48413
48415
48418
48420
48423
48425
48427
48430
48432
48435
48437
48439
48442
48444
48447
48449
48451
48454
48456
48459
48461
48463
48466
48468
48471
48473
48475
48478
48480
48483
48485
48487
48490
48492
48495
48497
48500
48502
48504
48507
48509
48512
48514
48516
48519
48521
48524
48526
48528
48531
48533
48536
48538
48540
48543
48545
48548
48550
48552
48555
48557
48560
48562
48564
48567
48569
48572
48574
48576
48579
48581
48584
48586
48588
48591
48593
48596
48598
48600
48603
48605
48608
48610
48612
48615
48617
48620
48622
48625
48627
48629
48632
48634
48637
48639
48641
48644
48646
48649
48651
48653
48656
48658
48661
48663
48665
48668
48670
48673
48675
48677
48680
48682
48685
48687
48689
48692
48694
48697
48699
48701
48704
48706
48709
48711
48713
48716
48718
48721
48723
48725
48728
48730
48733
48735
48737
48740
48742
48745
48747
48750
48752
48754
48757
48759
48762
48764
48766
48769
48771
48774
48776
48778
48781
48783
48786
48788
48790
48793
48795
48798
48800
48802
48805
48807
48810
48812
48814
48817
48819
48822
48824
48826
48829
48831
48834
48836
48838
48841
48843
48846
48848
48850
48853
48855
48858
48860
48862
48865
48867
48870
48872
48875
48877
48879
48882
48884
48887
48889
48891
48894
48896
48899
48901
48903
48906
48908
48911
48913
48915
48918
48920
48923
48925
48927
48930
48932
48935
48937
48939
48942
48944
48947
48949
48951
48954
48956
48959
48961
48963
48966
48968
48971
48973
48975
48978
48980
48983
48985
48987
48990
48992
48995
48997
49000
49002
49004
49007
49009
49012
49014
49016
49019
49021
49024
49026
49028
49031
49033
49036
49038
49040
49043
49045
49048
49050
49052
49055
49057
49060
49062
49064
49067
49069
49072
49074
49076
49079
49081
49084
49086
49088
49091
49093
49096
49098
49100
49103
49105
49108
49110
49112
49115
49117
49120
49122
49125
49127
49129
49132
49134
49137
49139
49141
49144
49146
49149
49151
49153
49156
49158
49161
49163
49165
49168
49170
49173
49175
49177
49180
49182
49185
49187
49189
49192
49194
49197
49199
49201
49204
49206
49209
49211
49213
49216
49218
49221
49223
49225
49228
49230
49233
49235
49237
49240
49242
49245
49247
49250
49252
49254
49257
49259
49262
49264
49266
49269
49271
49274
49276
49278
49281
49283
49286
49288
49290
49293
49295
49298
49300
49302
49305
49307
49310
49312
49314
49317
49319
49322
49324
49326
49329
49331
49334
49336
49338
49341
49343
49346
49348
49350
49353
49355
49358
49360
49362
49365
49367
49370
49372
49375
49377
49379
49382
49384
49387
49389
49391
49394
49396
49399
49401
49403
49406
49408
49411
49413
49415
49418
49420
49423
49425
49427
49430
49432
49435
49437
49439
49442
49444
49447
49449
49451
49454
49456
49459
49461
49463
49466
49468
49471
49473
49475
49478
49480
49483
49485
49487
49490
49492
49495
49497
49500
49502
49504
49507
49509
49512
49514
49516
49519
49521
49524
49526
49528
49531
49533
49536
49538
49540
49543
49545
49548
49550
49552
49555
49557
49560
49562
49564
49567
49569
49572
49574
49576
49579
49581
49584
49586
49588
49591
49593
49596
49598
49600
49603
49605
49608
49610
49612
49615
49617
49620
49622
49625
49627
49629
49632
49634
49637
49639
49641
49644
49646
49649
49651
49653
49656
49658
49661
49663
49665
49668
49670
49673
49675
49677
49680
49682
49685
49687
49689
49692
49694
49697
49699
49701
49704
49706
49709
49711
49713
49716
49718
49721
49723
49725
49728
49730
49733
49735
49737
49740
49742
49745
49747
49750
49752
49754
49757
49759
49762
49764
49766
49769
49771
49774
49776
49778
49781
49783
49786
49788
49790
49793
49795
49798
49800
49802
49805
49807
49810
49812
49814
49817
49819
49822
49824
49826
49829
49831
49834
49836
49838
49841
49843
49846
49848
49850
49853
49855
49858
49860
49862
49865
49867
49870
49872
49875
49877
49879
49882
49884
49887
49889
49891
49894
49896
49899
49901
49903
49906
49908
49911
49913
49915
49918
49920
49923
49925
49927
49930
49932
49935
49937
49939
49942
49944
49947
49949
49951
49954
49956
49959
49961
49963
49966
49968
49971
49973
49975
49978
49980
49983
49985
49987
49990
49992
49995
49997
50000
50002
50004
50007
50009
50012
50014
50016
50019
50021
50024
50026
50028
50031
50033
50036
50038
50040
50043
50045
50048
50050
50052
50055
50057
50060
50062
50064
50067
50069
50072
50074
50076
50079
50081
50084
50086
50088
50091
50093
50096
50098
50100
50103
50105
50108
50110
50112
50115
50117
50120
50122
50125
50127
50129
50132
50134
50137
50139
50141
50144
50146
50149
50151
50153
50156
50158
50161
50163
50165
50168
50170
50173
50175
50177
50180
50182
50185
50187
50189
50192
50194
50197
50199
50201
50204
50206
50209
50211
50213
50216
50218
50221
50223
50225
50228
50230
50233
50235
50237
50240
50242
50245
50247
50250
50252
50254
50257
50259
50262
50264
50266
50269
50271
50274
50276
50278
50281
50283
50286
50288
50290
50293
50295
50298
50300
50302
50305
50307
50310
50312
50314
50317
50319
50322
50324
50326
50329
50331
50334
50336
50338
50341
50343
50346
50348
50350
50353
50355
50358
50360
50362
50365
50367
50370
50372
50375
50377
50379
50382
50384
50387
50389
50391
50394
50396
50399
50401
50403
50406
50408
50411
50413
50415
50418
50420
50423
50425
50427
50430
50432
50435
50437
50439
50442
50444
50447
50449
50451
50454
50456
50459
50461
50463
50466
50468
50471
50473
50475
50478
50480
50483
50485
50487
50490
50492
50495
50497
50500
50502
50504
50507
50509
50512
50514
50516
50519
50521
50524
50526
50528
50531
50533
50536
50538
50540
50543
50545
50548
50550
50552
50555
50557
50560
50562
50564
50567
50569
50572
50574
50576
50579
50581
50584
50586
50588
50591
50593
50596
50598
50600
50603
50605
50608
50610
50612
50615
50617
50620
50622
50625
50627
50629
50632
50634
50637
50639
50641
50644
50646
50649
50651
50653
50656
50658
50661
50663
50665
50668
50670
50673
50675
50677
50680
50682
50685
50687
50689
50692
50694
50697
50699
50701
50704
50706
50709
50711
50713
50716
50718
50721
50723
50725
50728
50730
50733
50735
50737
50740
50742
50745
50747
50750
50752
50754
50757
50759
50762
50764
50766
50769
50771
50774
50776
50778
50781
50783
50786
50788
50790
50793
50795
50798
50800
50802
50805
50807
50810
50812
50814
50817
50819
50822
50824
50826
50829
50831
50834
50836
50838
50841
50843
50846
50848
50850
50853
50855
50858
50860
50862
50865
50867
50870
50872
50875
50877
50879
50882
50884
50887
50889
50891
50894
50896
50899
50901
50903
50906
50908
50911
50913
50915
50918
50920
50923
50925
50927
50930
50932
50935
50937
50939
50942
50944
50947
50949
50951
50954
50956
50959
50961
50963
50966
50968
50971
50973
50975
50978
50980
50983
50985
50987
50990
50992
50995
50997
51000
51002
51004
51007
51009
51012
51014
51016
51019
51021
51024
51026
51028
51031
51033
51036
51038
51040
51043
51045
51048
51050
51052
51055
51057
51060
51062
51064
51067
51069
51072
51074
51076
51079
51081
51084
51086
51088
51091
51093
51096
51098
51100
51103
51105
51108
51110
51112
51115
51117
51120
51122
51125
51127
51129
51132
51134
51137
51139
51141
51144
51146
51149
51151
51153
51156
51158
51161
51163
51165
51168
51170
51173
51175
51177
51180
51182
51185
51187
51189
51192
51194
51197
51199
51201
51204
51206
51209
51211
51213
51216
51218
51221
51223
51225
51228
51230
51233
51235
51237
51240
51242
51245
51247
51250
51252
51254
51257
51259
51262
51264
51266
51269
51271
51274
51276
51278
51281
51283
51286
51288
51290
51293
51295
51298
51300
51302
51305
51307
51310
51312
51314
51317
51319
51322
51324
51326
51329
51331
51334
51336
51338
51341
51343
51346
51348
51350
51353
51355
51358
51360
51362
51365
51367
51370
51372
51375
51377
51379
51382
51384
51387
51389
51391
51394
51396
51399
51401
51403
51406
51408
51411
51413
51415
51418
51420
51423
51425
51427
51430
51432
51435
51437
51439
51442
51444
51447
51449
51451
51454
51456
51459
51461
51463
51466
51468
51471
51473
51475
51478
51480
51483
51485
51487
51490
51492
51495
51497
51500
51502
51504
51507
51509
51512
51514
51516
51519
51521
51524
51526
51528
51531
51533
51536
51538
51540
51543
51545
51548
51550
51552
51555
51557
51560
51562
51564
51567
51569
51572
51574
51576
51579
51581
51584
51586
51588
51591
51593
51596
51598
51600
51603
51605
51608
51610
51612
51615
51617
51620
51622
51625
51627
51629
51632
51634
51637
51639
51641
51644
51646
51649
51651
51653
51656
51658
51661
51663
51665
51668
51670
51673
51675
51677
51680
51682
51685
51687
51689
51692
51694
51697
51699
51701
51704
51706
51709
51711
51713
51716
51718
51721
51723
51725
51728
51730
51733
51735
51737
51740
51742
51745
51747
51750
51752
51754
51757
51759
51762
51764
51766
51769
51771
51774
51776
51778
51781
51783
51786
51788
51790
51793
51795
51798
51800
51802
51805
51807
51810
51812
51814
51817
51819
51822
51824
51826
51829
51831
51834
51836
51838
51841
51843
51846
51848
51850
51853
51855
51858
51860
51862
51865
51867
51870
51872
51875
51877
51879
51882
51884
51887
51889
51891
51894
51896
51899
51901
51903
51906
51908
51911
51913
51915
51918
51920
51923
51925
51927
51930
51932
51935
51937
51939
51942
51944
51947
51949
51951
51954
51956
51959
51961
51963
51966
51968
51971
51973
51975
51978
51980
51983
51985
51987
51990
51992
51995
51997
52000
52002
52004
52007
52009
52012
52014
52016
52019
52021
52024
52026
52028
52031
52033
52036
52038
52040
52043
52045
52048
52050
52052
52055
52057
52060
52062
52064
52067
52069
52072
52074
52076
52079
52081
52084
52086
52088
52091
52093
52096
52098
52100
52103
52105
52108
52110
52112
52115
52117
52120
52122
52125
52127
52129
52132
52134
52137
52139
52141
52144
52146
52149
52151
52153
52156
52158
52161
52163
52165
52168
52170
52173
52175
52177
52180
52182
52185
52187
52189
52192
52194
52197
52199
52201
52204
52206
52209
52211
52213
52216
52218
52221
52223
52225
52228
52230
52233
52235
52237
52240
52242
52245
52247
52250
52252
52254
52257
52259
52262
52264
52266
52269
52271
52274
52276
52278
52281
52283
52286
52288
52290
52293
52295
52298
52300
52302
52305
52307
52310
52312
52314
52317
52319
52322
52324
52326
52329
52331
52334
52336
52338
52341
52343
52346
52348
52350
52353
52355
52358
52360
52362
52365
52367
52370
52372
52375
52377
52379
52382
52384
52387
52389
52391
52394
52396
52399
52401
52403
52406
52408
52411
52413
52415
52418
52420
52423
52425
52427
52430
52432
52435
52437
52439
52442
52444
52447
52449
52451
52454
52456
52459
52461
52463
52466
52468
52471
52473
52475
52478
52480
52483
52485
52487
52490
52492
52495
52497
52500
52502
52504
52507
52509
52512
52514
52516
52519
52521
52524
52526
52528
52531
52533
52536
52538
52540
52543
52545
52548
52550
52552
52555
52557
52560
52562
52564
52567
52569
52572
52574
52576
52579
52581
52584
52586
52588
52591
52593
52596
52598
52600
52603
52605
52608
52610
52612
52615
52617
52620
52622
52625
52627
52629
52632
52634
52637
52639
52641
52644
52646
52649
52651
52653
52656
52658
52661
52663
52665
52668
52670
52673
52675
52677
52680
52682
52685
52687
52689
52692
52694
52697
52699
52701
52704
52706
52709
52711
52713
52716
52718
52721
52723
52725
52728
52730
52733
52735
52737
52740
52742
52745
52747
52750
52752
52754
52757
52759
52762
52764
52766
52769
52771
52774
52776
52778
52781
52783
52786
52788
52790
52793
52795
52798
52800
52802
52805
52807
52810
52812
52814
52817
52819
52822
52824
52826
52829
52831
52834
52836
52838
52841
52843
52846
52848
52850
52853
52855
52858
52860
52862
52865
52867
52870
52872
52875
52877
52879
52882
52884
52887
52889
52891
52894
52896
52899
52901
52903
52906
52908
52911
52913
52915
52918
52920
52923
52925
52927
52930
52932
52935
52937
52939
52942
52944
52947
52949
52951
52954
52956
52959
52961
52963
52966
52968
52971
52973
52975
52978
52980
52983
52985
52987
52990
52992
52995
52997
53000
53002
53004
53007
53009
53012
53014
53016
53019
53021
53024
53026
53028
53031
53033
53036
53038
53040
53043
53045
53048
53050
53052
53055
53057
53060
53062
53064
53067
53069
53072
53074
53076
53079
53081
53084
53086
53088
53091
53093
53096
53098
53100
53103
53105
53108
53110
53112
53115
53117
53120
53122
53125
53127
53129
53132
53134
53137
53139
53141
53144
53146
53149
53151
53153
53156
53158
53161
53163
53165
53168
53170
53173
53175
53177
53180
53182
53185
53187
53189
53192
53194
53197
53199
53201
53204
53206
53209
53211
53213
53216
53218
53221
53223
53225
53228
53230
53233
53235
53237
53240
53242
53245
53247
53250
53252
53254
53257
53259
53262
53264
53266
53269
53271
53274
53276
53278
53281
53283
53286
53288
53290
53293
53295
53298
53300
53302
53305
53307
53310
53312
53314
53317
53319
53322
53324
53326
53329
53331
53334
53336
53338
53341
53343
53346
53348
53350
53353
53355
53358
53360
53362
53365
53367
53370
53372
53375
53377
53379
53382
53384
53387
53389
53391
53394
53396
53399
53401
53403
53406
53408
53411
53413
53415
53418
53420
53423
53425
53427
53430
53432
53435
53437
53439
53442
53444
53447
53449
53451
53454
53456
53459
53461
53463
53466
53468
53471
53473
53475
53478
53480
53483
53485
53487
53490
53492
53495
53497
53500
53502
53504
53507
53509
53512
53514
53516
53519
53521
53524
53526
53528
53531
53533
53536
53538
53540
53543
53545
53548
53550
53552
53555
53557
53560
53562
53564
53567
53569
53572
53574
53576
53579
53581
53584
53586
53588
53591
53593
53596
53598
53600
53603
53605
53608
53610
53612
53615
53617
53620
53622
53625
53627
53629
53632
53634
53637
53639
53641
53644
53646
53649
53651
53653
53656
53658
53661
53663
53665
53668
53670
53673
53675
53677
53680
53682
53685
53687
53689
53692
53694
53697
53699
53701
53704
53706
53709
53711
53713
53716
53718
53721
53723
53725
53728
53730
53733
53735
53737
53740
53742
53745
53747
53750
53752
53754
53757
53759
53762
53764
53766
53769
53771
53774
53776
53778
53781
53783
53786
53788
53790
53793
53795
53798
53800
53802
53805
53807
53810
53812
53814
53817
53819
53822
53824
53826
53829
53831
53834
53836
53838
53841
53843
53846
53848
53850
53853
53855
53858
53860
53862
53865
53867
53870
53872
53875
53877
53879
53882
53884
53887
53889
53891
53894
53896
53899
53901
53903
53906
53908
53911
53913
53915
53918
53920
53923
53925
53927
53930
53932
53935
53937
53939
53942
53944
53947
53949
53951
53954
53956
53959
53961
53963
53966
53968
53971
53973
53975
53978
53980
53983
53985
53987
53990
53992
53995
53997
54000
54002
54004
54007
54009
54012
54014
54016
54019
54021
54024
54026
54028
54031
54033
54036
54038
54040
54043
54045
54048
54050
54052
54055
54057
54060
54062
54064
54067
54069
54072
54074
54076
54079
54081
54084
54086
54088
54091
54093
54096
54098
54100
54103
54105
54108
54110
54112
54115
54117
54120
54122
54125
54127
54129
54132
54134
54137
54139
54141
54144
54146
54149
54151
54153
54156
54158
54161
54163
54165
54168
54170
54173
54175
54177
54180
54182
54185
54187
54189
54192
54194
54197
54199
54201
54204
54206
54209
54211
54213
54216
54218
54221
54223
54225
54228
54230
54233
54235
54237
54240
54242
54245
54247
54250
54252
54254
54257
54259
54262
54264
54266
54269
54271
54274
54276
54278
54281
54283
54286
54288
54290
54293
54295
54298
54300
54302
54305
54307
54310
54312
54314
54317
54319
54322
54324
54326
54329
54331
54334
54336
54338
54341
54343
54346
54348
54350
54353
54355
54358
54360
54362
54365
54367
54370
54372
54375
54377
54379
54382
54384
54387
54389
54391
54394
54396
54399
54401
54403
54406
54408
54411
54413
54415
54418
54420
54423
54425
54427
54430
54432
54435
54437
54439
54442
54444
54447
54449
54451
54454
54456
54459
54461
54463
54466
54468
54471
54473
54475
54478
54480
54483
54485
54487
54490
54492
54495
54497
54500
54502
54504
54507
54509
54512
54514
54516
54519
54521
54524
54526
54528
54531
54533
54536
54538
54540
54543
54545
54548
54550
54552
54555
54557
54560
54562
54564
54567
54569
54572
54574
54576
54579
54581
54584
54586
54588
54591
54593
54596
54598
54600
54603
54605
54608
54610
54612
54615
54617
54620
54622
54625
54627
54629
54632
54634
54637
54639
54641
54644
54646
54649
54651
54653
54656
54658
54661
54663
54665
54668
54670
54673
54675
54677
54680
54682
54685
54687
54689
54692
54694
54697
54699
54701
54704
54706
54709
54711
54713
54716
54718
54721
54723
54725
54728
54730
54733
54735
54737
54740
54742
54745
54747
54750
54752
54754
54757
54759
54762
54764
54766
54769
54771
54774
54776
54778
54781
54783
54786
54788
54790
54793
54795
54798
54800
54802
54805
54807
54810
54812
54814
54817
54819
54822
54824
54826
54829
54831
54834
54836
54838
54841
54843
54846
54848
54850
54853
54855
54858
54860
54862
54865
54867
54870
54872
54875
54877
54879
54882
54884
54887
54889
54891
54894
54896
54899
54901
54903
54906
54908
54911
54913
54915
54918
54920
54923
54925
54927
54930
54932
54935
54937
54939
54942
54944
54947
54949
54951
54954
54956
54959
54961
54963
54966
54968
54971
54973
54975
54978
54980
54983
54985
54987
54990
54992
54995
54997
55000
55002
55004
55007
55009
55012
55014
55016
55019
55021
55024
55026
55028
55031
55033
55036
55038
55040
55043
55045
55048
55050
55052
55055
55057
55060
55062
55064
55067
55069
55072
55074
55076
55079
55081
55084
55086
55088
55091
55093
55096
55098
55100
55103
55105
55108
55110
55112
55115
55117
55120
55122
55125
55127
55129
55132
55134
55137
55139
55141
55144
55146
55149
55151
55153
55156
55158
55161
55163
55165
55168
55170
55173
55175
55177
55180
55182
55185
55187
55189
55192
55194
55197
55199
55201
55204
55206
55209
55211
55213
55216
55218
55221
55223
55225
55228
55230
55233
55235
55237
55240
55242
55245
55247
55250
55252
55254
55257
55259
55262
55264
55266
55269
55271
55274
55276
55278
55281
55283
55286
55288
55290
55293
55295
55298
55300
55302
55305
55307
55310
55312
55314
55317
55319
55322
55324
55326
55329
55331
55334
55336
55338
55341
55343
55346
55348
55350
55353
55355
55358
55360
55362
55365
55367
55370
55372
55375
55377
55379
55382
55384
55387
55389
55391
55394
55396
55399
55401
55403
55406
55408
55411
55413
55415
55418
55420
55423
55425
55427
55430
55432
55435
55437
55439
55442
55444
55447
55449
55451
55454
55456
55459
55461
55463
55466
55468
55471
55473
55475
55478
55480
55483
55485
55487
55490
55492
55495
55497
55500
55502
55504
55507
55509
55512
55514
55516
55519
55521
55524
55526
55528
55531
55533
55536
55538
55540
55543
55545
55548
55550
55552
55555
55557
55560
55562
55564
55567
55569
55572
55574
55576
55579
55581
55584
55586
55588
55591
55593
55596
55598
55600
55603
55605
55608
55610
55612
55615
55617
55620
55622
55625
55627
55629
55632
55634
55637
55639
55641
55644
55646
55649
55651
55653
55656
55658
55661
55663
55665
55668
55670
55673
55675
55677
55680
55682
55685
55687
55689
55692
55694
55697
55699
55701
55704
55706
55709
55711
55713
55716
55718
55721
55723
55725
55728
55730
55733
55735
55737
55740
55742
55745
55747
55750
55752
55754
55757
55759
55762
55764
55766
55769
55771
55774
55776
55778
55781
55783
55786
55788
55790
55793
55795
55798
55800
55802
55805
55807
55810
55812
55814
55817
55819
55822
55824
55826
55829
55831
55834
55836
55838
55841
55843
55846
55848
55850
55853
55855
55858
55860
55862
55865
55867
55870
55872
55875
55877
55879
55882
55884
55887
55889
55891
55894
55896
55899
55901
55903
55906
55908
55911
55913
55915
55918
55920
55923
55925
55927
55930
55932
55935
55937
55939
55942
55944
55947
55949
55951
55954
55956
55959
55961
55963
55966
55968
55971
55973
55975
55978
55980
55983
55985
55987
55990
55992
55995
55997
56000
56002
56004
56007
56009
56012
56014
56016
56019
56021
56024
56026
56028
56031
56033
56036
56038
56040
56043
56045
56048
56050
56052
56055
56057
56060
56062
56064
56067
56069
56072
56074
56076
56079
56081
56084
56086
56088
56091
56093
56096
56098
56100
56103
56105
56108
56110
56112
56115
56117
56120
56122
56125
56127
56129
56132
56134
56137
56139
56141
56144
56146
56149
56151
56153
56156
56158
56161
56163
56165
56168
56170
56173
56175
56177
56180
56182
56185
56187
56189
56192
56194
56197
56199
56201
56204
56206
56209
56211
56213
56216
56218
56221
56223
56225
56228
56230
56233
56235
56237
56240
56242
56245
56247
56250
56252
56254
56257
56259
56262
56264
56266
56269
56271
56274
56276
56278
56281
56283
56286
56288
56290
56293
56295
56298
56300
56302
56305
56307
56310
56312
56314
56317
56319
56322
56324
56326
56329
56331
56334
56336
56338
56341
56343
56346
56348
56350
56353
56355
56358
56360
56362
56365
56367
56370
56372
56375
56377
56379
56382
56384
56387
56389
56391
56394
56396
56399
56401
56403
56406
56408
56411
56413
56415
56418
56420
56423
56425
56427
56430
56432
56435
56437
56439
56442
56444
56447
56449
56451
56454
56456
56459
56461
56463
56466
56468
56471
56473
56475
56478
56480
56483
56485
56487
56490
56492
56495
56497
56500
56502
56504
56507
56509
56512
56514
56516
56519
56521
56524
56526
56528
56531
56533
56536
56538
56540
56543
56545
56548
56550
56552
56555
56557
56560
56562
56564
56567
56569
56572
56574
56576
56579
56581
56584
56586
56588
56591
56593
56596
56598
56600
56603
56605
56608
56610
56612
56615
56617
56620
56622
56625
56627
56629
56632
56634
56637
56639
56641
56644
56646
56649
56651
56653
56656
56658
56661
56663
56665
56668
56670
56673
56675
56677
56680
56682
56685
56687
56689
56692
56694
56697
56699
56701
56704
56706
56709
56711
56713
56716
56718
56721
56723
56725
56728
56730
56733
56735
56737
56740
56742
56745
56747
56750
56752
56754
56757
56759
56762
56764
56766
56769
56771
56774
56776
56778
56781
56783
56786
56788
56790
56793
56795
56798
56800
56802
56805
56807
56810
56812
56814
56817
56819
56822
56824
56826
56829
56831
56834
56836
56838
56841
56843
56846
56848
56850
56853
56855
56858
56860
56862
56865
56867
56870
56872
56875
56877
56879
56882
56884
56887
56889
56891
56894
56896
56899
56901
56903
56906
56908
56911
56913
56915
56918
56920
56923
56925
56927
56930
56932
56935
56937
56939
56942
56944
56947
56949
56951
56954
56956
56959
56961
56963
56966
56968
56971
56973
56975
56978
56980
56983
56985
56987
56990
56992
56995
56997
57000
57002
57004
57007
57009
57012
57014
57016
57019
57021
57024
57026
57028
57031
57033
57036
57038
57040
57043
57045
57048
57050
57052
57055
57057
57060
57062
57064
57067
57069
57072
57074
57076
57079
57081
57084
57086
57088
57091
57093
57096
57098
57100
57103
57105
57108
57110
57112
57115
57117
57120
57122
57125
57127
57129
57132
57134
57137
57139
57141
57144
57146
57149
57151
57153
57156
57158
57161
57163
57165
57168
57170
57173
57175
57177
57180
57182
57185
57187
57189
57192
57194
57197
57199
57201
57204
57206
57209
57211
57213
57216
57218
57221
57223
57225
57228
57230
57233
57235
57237
57240
57242
57245
57247
57250
57252
57254
57257
57259
57262
57264
57266
57269
57271
57274
57276
57278
57281
57283
57286
57288
57290
57293
57295
57298
57300
57302
57305
57307
57310
57312
57314
57317
57319
57322
57324
57326
57329
57331
57334
57336
57338
57341
57343
57346
57348
57350
57353
57355
57358
57360
57362
57365
57367
57370
57372
57375
57377
57379
57382
57384
57387
57389
57391
57394
57396
57399
57401
57403
57406
57408
57411
57413
57415
57418
57420
57423
57425
57427
57430
57432
57435
57437
57439
57442
57444
57447
57449
57451
57454
57456
57459
57461
57463
57466
57468
57471
57473
57475
57478
57480
57483
57485
57487
57490
57492
57495
57497
57500
57502
57504
57507
57509
57512
57514
57516
57519
57521
57524
57526
57528
57531
57533
57536
57538
57540
57543
57545
57548
57550
57552
57555
57557
57560
57562
57564
57567
57569
57572
57574
57576
57579
57581
57584
57586
57588
57591
57593
57596
57598
57600
57603
57605
57608
57610
57612
57615
57617
57620
57622
57625
57627
57629
57632
57634
57637
57639
57641
57644
57646
57649
57651
57653
57656
57658
57661
57663
57665
57668
57670
57673
57675
57677
57680
57682
57685
57687
57689
57692
57694
57697
57699
57701
57704
57706
57709
57711
57713
57716
57718
57721
57723
57725
57728
57730
57733
57735
57737
57740
57742
57745
57747
57750
57752
57754
57757
57759
57762
57764
57766
57769
57771
57774
57776
57778
57781
57783
57786
57788
57790
57793
57795
57798
57800
57802
57805
57807
57810
57812
57814
57817
57819
57822
57824
57826
57829
57831
57834
57836
57838
57841
57843
57846
57848
57850
57853
57855
57858
57860
57862
57865
57867
57870
57872
57875
57877
57879
57882
57884
57887
57889
57891
57894
57896
57899
57901
57903
57906
57908
57911
57913
57915
57918
57920
57923
57925
57927
57930
57932
57935
57937
57939
57942
57944
57947
57949
57951
57954
57956
57959
57961
57963
57966
57968
57971
57973
57975
57978
57980
57983
57985
57987
57990
57992
57995
57997
58000
58002
58004
58007
58009
58012
58014
58016
58019
58021
58024
58026
58028
58031
58033
58036
58038
58040
58043
58045
58048
58050
58052
58055
58057
58060
58062
58064
58067
58069
58072
58074
58076
58079
58081
58084
58086
58088
58091
58093
58096
58098
58100
58103
58105
58108
58110
58112
58115
58117
58120
58122
58125
58127
58129
58132
58134
58137
58139
58141
58144
58146
58149
58151
58153
58156
58158
58161
58163
58165
58168
58170
58173
58175
58177
58180
58182
58185
58187
58189
58192
58194
58197
58199
58201
58204
58206
58209
58211
58213
58216
58218
58221
58223
58225
58228
58230
58233
58235
58237
58240
58242
58245
58247
58250
58252
58254
58257
58259
58262
58264
58266
58269
58271
58274
58276
58278
58281
58283
58286
58288
58290
58293
58295
58298
58300
58302
58305
58307
58310
58312
58314
58317
58319
58322
58324
58326
58329
58331
58334
58336
58338
58341
58343
58346
58348
58350
58353
58355
58358
58360
58362
58365
58367
58370
58372
58375
58377
58379
58382
58384
58387
58389
58391
58394
58396
58399
58401
58403
58406
58408
58411
58413
58415
58418
58420
58423
58425
58427
58430
58432
58435
58437
58439
58442
58444
58447
58449
58451
58454
58456
58459
58461
58463
58466
58468
58471
58473
58475
58478
58480
58483
58485
58487
58490
58492
58495
58497
58500
58502
58504
58507
58509
58512
58514
58516
58519
58521
58524
58526
58528
58531
58533
58536
58538
58540
58543
58545
58548
58550
58552
58555
58557
58560
58562
58564
58567
58569
58572
58574
58576
58579
58581
58584
58586
58588
58591
58593
58596
58598
58600
58603
58605
58608
58610
58612
58615
58617
58620
58622
58625
58627
58629
58632
58634
58637
58639
58641
58644
58646
58649
58651
58653
58656
58658
58661
58663
58665
58668
58670
58673
58675
58677
58680
58682
58685
58687
58689
58692
58694
58697
58699
58701
58704
58706
58709
58711
58713
58716
58718
58721
58723
58725
58728
58730
58733
58735
58737
58740
58742
58745
58747
58750
58752
58754
58757
58759
58762
58764
58766
58769
58771
58774
58776
58778
58781
58783
58786
58788
58790
58793
58795
58798
58800
58802
58805
58807
58810
58812
58814
58817
58819
58822
58824
58826
58829
58831
58834
58836
58838
58841
58843
58846
58848
58850
58853
58855
58858
58860
58862
58865
58867
58870
58872
58875
58877
58879
58882
58884
58887
58889
58891
58894
58896
58899
58901
58903
58906
58908
58911
58913
58915
58918
58920
58923
58925
58927
58930
58932
58935
58937
58939
58942
58944
58947
58949
58951
58954
58956
58959
58961
58963
58966
58968
58971
58973
58975
58978
58980
58983
58985
58987
58990
58992
58995
58997
59000
59002
59004
59007
59009
59012
59014
59016
59019
59021
59024
59026
59028
59031
59033
59036
59038
59040
59043
59045
59048
59050
59052
59055
59057
59060
59062
59064
59067
59069
59072
59074
59076
59079
59081
59084
59086
59088
59091
59093
59096
59098
59100
59103
59105
59108
59110
59112
59115
59117
59120
59122
59125
59127
59129
59132
59134
59137
59139
59141
59144
59146
59149
59151
59153
59156
59158
59161
59163
59165
59168
59170
59173
59175
59177
59180
59182
59185
59187
59189
59192
59194
59197
59199
59201
59204
59206
59209
59211
59213
59216
59218
59221
59223
59225
59228
59230
59233
59235
59237
59240
59242
59245
59247
59250
59252
59254
59257
59259
59262
59264
59266
59269
59271
59274
59276
59278
59281
59283
59286
59288
59290
59293
59295
59298
59300
59302
59305
59307
59310
59312
59314
59317
59319
59322
59324
59326
59329
59331
59334
59336
59338
59341
59343
59346
59348
59350
59353
59355
59358
59360
59362
59365
59367
59370
59372
59375
59377
59379
59382
59384
59387
59389
59391
59394
59396
59399
59401
59403
59406
59408
59411
59413
59415
59418
59420
59423
59425
59427
59430
59432
59435
59437
59439
59442
59444
59447
59449
59451
59454
59456
59459
59461
59463
59466
59468
59471
59473
59475
59478
59480
59483
59485
59487
59490
59492
59495
59497
59500
59502
59504
59507
59509
59512
59514
59516
59519
59521
59524
59526
59528
59531
59533
59536
59538
59540
59543
59545
59548
59550
59552
59555
59557
59560
59562
59564
59567
59569
59572
59574
59576
59579
59581
59584
59586
59588
59591
59593
59596
59598
59600
59603
59605
59608
59610
59612
59615
59617
59620
59622
59625
59627
59629
59632
59634
59637
59639
59641
59644
59646
59649
59651
59653
59656
59658
59661
59663
59665
59668
59670
59673
59675
59677
59680
59682
59685
59687
59689
59692
59694
59697
59699
59701
59704
59706
59709
59711
59713
59716
59718
59721
59723
59725
59728
59730
59733
59735
59737
59740
59742
59745
59747
59750
59752
59754
59757
59759
59762
59764
59766
59769
59771
59774
59776
59778
59781
59783
59786
59788
59790
59793
59795
59798
59800
59802
59805
59807
59810
59812
59814
59817
59819
59822
59824
59826
59829
59831
59834
59836
59838
59841
59843
59846
59848
59850
59853
59855
59858
59860
59862
59865
59867
59870
59872
59875
59877
59879
59882
59884
59887
59889
59891
59894
59896
59899
59901
59903
59906
59908
59911
59913
59915
59918
59920
59923
59925
59927
59930
59932
59935
59937
59939
59942
59944
59947
59949
59951
59954
59956
59959
59961
59963
59966
59968
59971
59973
59975
59978
59980
59983
59985
59987
59990
59992
59995
59997
60000
60002
60004
60007
60009
60012
60014
60016
60019
60021
60024
60026
60028
60031
60033
60036
60038
60040
60043
60045
60048
60050
60052
60055
60057
60060
60062
60064
60067
60069
60072
60074
60076
60079
60081
60084
60086
60088
60091
60093
60096
60098
60100
60103
60105
60108
60110
60112
60115
60117
60120
60122
60125
60127
60129
60132
60134
60137
60139
60141
60144
60146
60149
60151
60153
60156
60158
60161
60163
60165
60168
60170
60173
60175
60177
60180
60182
60185
60187
60189
60192
60194
60197
60199
60201
60204
60206
60209
60211
60213
60216
60218
60221
60223
60225
60228
60230
60233
60235
60237
60240
60242
60245
60247
60250
60252
60254
60257
60259
60262
60264
60266
60269
60271
60274
60276
60278
60281
60283
60286
60288
60290
60293
60295
60298
60300
60302
60305
60307
60310
60312
60314
60317
60319
60322
60324
60326
60329
60331
60334
60336
60338
60341
60343
60346
60348
60350
60353
60355
60358
60360
60362
60365
60367
60370
60372
60375
60377
60379
60382
60384
60387
60389
60391
60394
60396
60399
60401
60403
60406
60408
60411
60413
60415
60418
60420
60423
60425
60427
60430
60432
60435
60437
60439
60442
60444
60447
60449
60451
60454
60456
60459
60461
60463
60466
60468
60471
60473
60475
60478
60480
60483
60485
60487
60490
60492
60495
60497
60500
60502
60504
60507
60509
60512
60514
60516
60519
60521
60524
60526
60528
60531
60533
60536
60538
60540
60543
60545
60548
60550
60552
60555
60557
60560
60562
60564
60567
60569
60572
60574
60576
60579
60581
60584
60586
60588
60591
60593
60596
60598
60600
60603
60605
60608
60610
60612
60615
60617
60620
60622
60625
60627
60629
60632
60634
60637
60639
60641
60644
60646
60649
60651
60653
60656
60658
60661
60663
60665
60668
60670
60673
60675
60677
60680
60682
60685
60687
60689
60692
60694
60697
60699
60701
60704
60706
60709
60711
60713
60716
60718
60721
60723
60725
60728
60730
60733
60735
60737
60740
60742
60745
60747
60750
60752
60754
60757
60759
60762
60764
60766
60769
60771
60774
60776
60778
60781
60783
60786
60788
60790
60793
60795
60798
60800
60802
60805
60807
60810
60812
60814
60817
60819
60822
60824
60826
60829
60831
60834
60836
60838
60841
60843
60846
60848
60850
60853
60855
60858
60860
60862
60865
60867
60870
60872
60875
60877
60879
60882
60884
60887
60889
60891
60894
60896
60899
60901
60903
60906
60908
60911
60913
60915
60918
60920
60923
60925
60927
60930
60932
60935
60937
60939
60942
60944
60947
60949
60951
60954
60956
60959
60961
60963
60966
60968
60971
60973
60975
60978
60980
60983
60985
60987
60990
60992
60995
60997
61000
61002
61004
61007
61009
61012
61014
61016
61019
61021
61024
61026
61028
61031
61033
61036
61038
61040
61043
61045
61048
61050
61052
61055
61057
61060
61062
61064
61067
61069
61072
61074
61076
61079
61081
61084
61086
61088
61091
61093
61096
61098
61100
61103
61105
61108
61110
61112
61115
61117
61120
61122
61125
61127
61129
61132
61134
61137
61139
61141
61144
61146
61149
61151
61153
61156
61158
61161
61163
61165
61168
61170
61173
61175
61177
61180
61182
61185
61187
61189
61192
61194
61197
61199
61201
61204
61206
61209
61211
61213
61216
61218
61221
61223
61225
61228
61230
61233
61235
61237
61240
61242
61245
61247
61250
61252
61254
61257
61259
61262
61264
61266
61269
61271
61274
61276
61278
61281
61283
61286
61288
61290
61293
61295
61298
61300
61302
61305
61307
61310
61312
61314
61317
61319
61322
61324
61326
61329
61331
61334
61336
61338
61341
61343
61346
61348
61350
61353
61355
61358
61360
61362
61365
61367
61370
61372
61375
61377
61379
61382
61384
61387
61389
61391
61394
61396
61399
61401
61403
61406
61408
61411
61413
61415
61418
61420
61423
61425
61427
61430
61432
61435
61437
61439
61442
61444
61447
61449
61451
61454
61456
61459
61461
61463
61466
61468
61471
61473
61475
61478
61480
61483
61485
61487
61490
61492
61495
61497
61500
61502
61504
61507
61509
61512
61514
61516
61519
61521
61524
61526
61528
61531
61533
61536
61538
61540
61543
61545
61548
61550
61552
61555
61557
61560
61562
61564
61567
61569
61572
61574
61576
61579
61581
61584
61586
61588
61591
61593
61596
61598
61600
61603
61605
61608
61610
61612
61615
61617
61620
61622
61625
61627
61629
61632
61634
61637
61639
61641
61644
61646
61649
61651
61653
61656
61658
61661
61663
61665
61668
61670
61673
61675
61677
61680
61682
61685
61687
61689
61692
61694
61697
61699
61701
61704
61706
61709
61711
61713
61716
61718
61721
61723
61725
61728
61730
61733
61735
61737
61740
61742
61745
61747
61750
61752
61754
61757
61759
61762
61764
61766
61769
61771
61774
61776
61778
61781
61783
61786
61788
61790
61793
61795
61798
61800
61802
61805
61807
61810
61812
61814
61817
61819
61822
61824
61826
61829
61831
61834
61836
61838
61841
61843
61846
61848
61850
61853
61855
61858
61860
61862
61865
61867
61870
61872
61875
61877
61879
61882
61884
61887
61889
61891
61894
61896
61899
61901
61903
61906
61908
61911
61913
61915
61918
61920
61923
61925
61927
61930
61932
61935
61937
61939
61942
61944
61947
61949
61951
61954
61956
61959
61961
61963
61966
61968
61971
61973
61975
61978
61980
61983
61985
61987
61990
61992
61995
61997
62000
62002
62004
62007
62009
62012
62014
62016
62019
62021
62024
62026
62028
62031
62033
62036
62038
62040
62043
62045
62048
62050
62052
62055
62057
62060
62062
62064
62067
62069
62072
62074
62076
62079
62081
62084
62086
62088
62091
62093
62096
62098
62100
62103
62105
62108
62110
62112
62115
62117
62120
62122
62125
62127
62129
62132
62134
62137
62139
62141
62144
62146
62149
62151
62153
62156
62158
62161
62163
62165
62168
62170
62173
62175
62177
62180
62182
62185
62187
62189
62192
62194
62197
62199
62201
62204
62206
62209
62211
62213
62216
62218
62221
62223
62225
62228
62230
62233
62235
62237
62240
62242
62245
62247
62250
62252
62254
62257
62259
62262
62264
62266
62269
62271
62274
62276
62278
62281
62283
62286
62288
62290
62293
62295
62298
62300
62302
62305
62307
62310
62312
62314
62317
62319
62322
62324
62326
62329
62331
62334
62336
62338
62341
62343
62346
62348
62350
62353
62355
62358
62360
62362
62365
62367
62370
62372
62375
62377
62379
62382
62384
62387
62389
62391
62394
62396
62399
62401
62403
62406
62408
62411
62413
62415
62418
62420
62423
62425
62427
62430
62432
62435
62437
62439
62442
62444
62447
62449
62451
62454
62456
62459
62461
62463
62466
62468
62471
62473
62475
62478
62480
62483
62485
62487
62490
62492
62495
62497
62500
62502
62504
62507
62509
62512
62514
62516
62519
62521
62524
62526
62528
62531
62533
62536
62538
62540
62543
62545
62548
62550
62552
62555
62557
62560
62562
62564
62567
62569
62572
62574
62576
62579
62581
62584
62586
62588
62591
62593
62596
62598
62600
62603
62605
62608
62610
62612
62615
62617
62620
62622
62625
62627
62629
62632
62634
62637
62639
62641
62644
62646
62649
62651
62653
62656
62658
62661
62663
62665
62668
62670
62673
62675
62677
62680
62682
62685
62687
62689
62692
62694
62697
62699
62701
62704
62706
62709
62711
62713
62716
62718
62721
62723
62725
62728
62730
62733
62735
62737
62740
62742
62745
62747
62750
62752
62754
62757
62759
62762
62764
62766
62769
62771
62774
62776
62778
62781
62783
62786
62788
62790
62793
62795
62798
62800
62802
62805
62807
62810
62812
62814
62817
62819
62822
62824
62826
62829
62831
62834
62836
62838
62841
62843
62846
62848
62850
62853
62855
62858
62860
62862
62865
62867
62870
62872
62875
62877
62879
62882
62884
62887
62889
62891
62894
62896
62899
62901
62903
62906
62908
62911
62913
62915
62918
62920
62923
62925
62927
62930
62932
62935
62937
62939
62942
62944
62947
62949
62951
62954
62956
62959
62961
62963
62966
62968
62971
62973
62975
62978
62980
62983
62985
62987
62990
62992
62995
62997
63000
63002
63004
63007
63009
63012
63014
63016
63019
63021
63024
63026
63028
63031
63033
63036
63038
63040
63043
63045
63048
63050
63052
63055
63057
63060
63062
63064
63067
63069
63072
63074
63076
63079
63081
63084
63086
63088
63091
63093
63096
63098
63100
63103
63105
63108
63110
63112
63115
63117
63120
63122
63125
63127
63129
63132
63134
63137
63139
63141
63144
63146
63149
63151
63153
63156
63158
63161
63163
63165
63168
63170
63173
63175
63177
63180
63182
63185
63187
63189
63192
63194
63197
63199
63201
63204
63206
63209
63211
63213
63216
63218
63221
63223
63225
63228
63230
63233
63235
63237
63240
63242
63245
63247
63250
63252
63254
63257
63259
63262
63264
63266
63269
63271
63274
63276
63278
63281
63283
63286
63288
63290
63293
63295
63298
63300
63302
63305
63307
63310
63312
63314
63317
63319
63322
63324
63326
63329
63331
63334
63336
63338
63341
63343
63346
63348
63350
63353
63355
63358
63360
63362
63365
63367
63370
63372
63375
63377
63379
63382
63384
63387
63389
63391
63394
63396
63399
63401
63403
63406
63408
63411
63413
63415
63418
63420
63423
63425
63427
63430
63432
63435
63437
63439
63442
63444
63447
63449
63451
63454
63456
63459
63461
63463
63466
63468
63471
63473
63475
63478
63480
63483
63485
63487
63490
63492
63495
63497
63500
63502
63504
63507
63509
63512
63514
63516
63519
63521
63524
63526
63528
63531
63533
63536
63538
63540
63543
63545
63548
63550
63552
63555
63557
63560
63562
63564
63567
63569
63572
63574
63576
63579
63581
63584
63586
63588
63591
63593
63596
63598
63600
63603
63605
63608
63610
63612
63615
63617
63620
63622
63625
63627
63629
63632
63634
63637
63639
63641
63644
63646
63649
63651
63653
63656
63658
63661
63663
63665
63668
63670
63673
63675
63677
63680
63682
63685
63687
63689
63692
63694
63697
63699
63701
63704
63706
63709
63711
63713
63716
63718
63721
63723
63725
63728
63730
63733
63735
63737
63740
63742
63745
63747
63750
63752
63754
63757
63759
63762
63764
63766
63769
63771
63774
63776
63778
63781
63783
63786
63788
63790
63793
63795
63798
63800
63802
63805
63807
63810
63812
63814
63817
63819
63822
63824
63826
63829
63831
63834
63836
63838
63841
63843
63846
63848
63850
63853
63855
63858
63860
63862
63865
63867
63870
63872
63875
63877
63879
63882
63884
63887
63889
63891
63894
63896
63899
63901
63903
63906
63908
63911
63913
63915
63918
63920
63923
63925
63927
63930
63932
63935
63937
63939
63942
63944
63947
63949
63951
63954
63956
63959
63961
63963
63966
63968
63971
63973
63975
63978
63980
63983
63985
63987
63990
63992
63995
63997
64000
64002
64004
64007
64009
64012
64014
64016
64019
64021
64024
64026
64028
64031
64033
64036
64038
64040
64043
64045
64048
64050
64052
64055
64057
64060
64062
64064
64067
64069
64072
64074
64076
64079
64081
64084
64086
64088
64091
64093
64096
64098
64100
64103
64105
64108
64110
64112
64115
64117
64120
64122
64125
64127
64129
64132
64134
64137
64139
64141
64144
64146
64149
64151
64153
64156
64158
64161
64163
64165
64168
64170
64173
64175
64177
64180
64182
64185
64187
64189
64192
64194
64197
64199
64201
64204
64206
64209
64211
64213
64216
64218
64221
64223
64225
64228
64230
64233
64235
64237
64240
64242
64245
64247
64250
64252
64254
64257
64259
64262
64264
64266
64269
64271
64274
64276
64278
64281
64283
64286
64288
64290
64293
64295
64298
64300
64302
64305
64307
64310
64312
64314
64317
64319
64322
64324
64326
64329
64331
64334
64336
64338
64341
64343
64346
64348
64350
64353
64355
64358
64360
64362
64365
64367
64370
64372
64375
64377
64379
64382
64384
64387
64389
64391
64394
64396
64399
64401
64403
64406
64408
64411
64413
64415
64418
64420
64423
64425
64427
64430
64432
64435
64437
64439
64442
64444
64447
64449
64451
64454
64456
64459
64461
64463
64466
64468
64471
64473
64475
64478
64480
64483
64485
64487
64490
64492
64495
64497
64500
64502
64504
64507
64509
64512
64514
64516
64519
64521
64524
64526
64528
64531
64533
64536
64538
64540
64543
64545
64548
64550
64552
64555
64557
64560
64562
64564
64567
64569
64572
64574
64576
64579
64581
64584
64586
64588
64591
64593
64596
64598
64600
64603
64605
64608
64610
64612
64615
64617
64620
64622
64625
64627
64629
64632
64634
64637
64639
64641
64644
64646
64649
64651
64653
64656
64658
64661
64663
64665
64668
64670
64673
64675
64677
64680
64682
64685
64687
64689
64692
64694
64697
64699
64701
64704
64706
64709
64711
64713
64716
64718
64721
64723
64725
64728
64730
64733
64735
64737
64740
64742
64745
64747
64750
64752
64754
64757
64759
64762
64764
64766
64769
64771
64774
64776
64778
64781
64783
64786
64788
64790
64793
64795
64798
64800
64802
64805
64807
64810
64812
64814
64817
64819
64822
64824
64826
64829
64831
64834
64836
64838
64841
64843
64846
64848
64850
64853
64855
64858
64860
64862
64865
64867
64870
64872
64875
64877
64879
64882
64884
64887
64889
64891
64894
64896
64899
64901
64903
64906
64908
64911
64913
64915
64918
64920
64923
64925
64927
64930
64932
64935
64937
64939
64942
64944
64947
64949
64951
64954
64956
64959
64961
64963
64966
64968
64971
64973
64975
64978
64980
64983
64985
64987
64990
64992
64995
64997
65000
65002
65004
65007
65009
65012
65014
65016
65019
65021
65024
65026
65028
65031
65033
65036
65038
65040
65043
65045
65048
65050
65052
65055
65057
65060
65062
65064
65067
65069
65072
65074
65076
65079
65081
65084
65086
65088
65091
65093
65096
65098
65100
65103
65105
65108
65110
65112
65115
65117
65120
65122
65125
65127
65129
65132
65134
65137
65139
65141
65144
65146
65149
65151
65153
65156
65158
65161
65163
65165
65168
65170
65173
65175
65177
65180
65182
65185
65187
65189
65192
65194
65197
65199
65201
65204
65206
65209
65211
65213
65216
65218
65221
65223
65225
65228
65230
65233
65235
65237
65240
65242
65245
65247
65250
65252
65254
65257
65259
65262
65264
65266
65269
65271
65274
65276
65278
65281
65283
65286
65288
65290
65293
65295
65298
65300
65302
65305
65307
65310
65312
65314
65317
65319
65322
65324
65326
65329
65331
65334
65336
65338
65341
65343
65346
65348
65350
65353
65355
65358
65360
65362
65365
65367
65370
65372
65375
65377
65379
65382
65384
65387
65389
65391
65394
65396
65399
65401
65403
65406
65408
65411
65413
65415
65418
65420
65423
65425
65427
65430
65432
65435
65437
65439
65442
65444
65447
65449
65451
65454
65456
65459
65461
65463
65466
65468
65471
65473
65475
65478
65480
65483
65485
65487
65490
65492
65495
65497
65500
65502
65504
65507
65509
65512
65514
65516
65519
65521
65524
65526
65528
65531
65533
65536
65538
65540
65543
65545
65548
65550
65552
65555
65557
65560
65562
65564
65567
65569
65572
65574
65576
65579
65581
65584
65586
65588
65591
65593
65596
65598
65600
65603
65605
65608
65610
65612
65615
65617
65620
65622
65625
65627
65629
65632
65634
65637
65639
65641
65644
65646
65649
65651
65653
65656
65658
65661
65663
65665
65668
65670
65673
65675
65677
65680
65682
65685
65687
65689
65692
65694
65697
65699
65701
65704
65706
65709
65711
65713
65716
65718
65721
65723
65725
65728
65730
65733
65735
65737
65740
65742
65745
65747
65750
65752
65754
65757
65759
65762
65764
65766
65769
65771
65774
65776
65778
65781
65783
65786
65788
65790
65793
65795
65798
65800
65802
65805
65807
65810
65812
65814
65817
65819
65822
65824
65826
65829
65831
65834
65836
65838
65841
65843
65846
65848
65850
65853
65855
65858
65860
65862
65865
65867
65870
65872
65875
65877
65879
65882
65884
65887
65889
65891
65894
65896
65899
65901
65903
65906
65908
65911
65913
65915
65918
65920
65923
65925
65927
65930
65932
65935
65937
65939
65942
65944
65947
65949
65951
65954
65956
65959
65961
65963
65966
65968
65971
65973
65975
65978
65980
65983
65985
65987
65990
65992
65995
65997
66000
66002
66004
66007
66009
66012
66014
66016
66019
66021
66024
66026
66028
66031
66033
66036
66038
66040
66043
66045
66048
66050
66052
66055
66057
66060
66062
66064
66067
66069
66072
66074
66076
66079
66081
66084
66086
66088
66091
66093
66096
66098
66100
66103
66105
66108
66110
66112
66115
66117
66120
66122
66125
66127
66129
66132
66134
66137
66139
66141
66144
66146
66149
66151
66153
66156
66158
66161
66163
66165
66168
66170
66173
66175
66177
66180
66182
66185
66187
66189
66192
66194
66197
66199
66201
66204
66206
66209
66211
66213
66216
66218
66221
66223
66225
66228
66230
66233
66235
66237
66240
66242
66245
66247
66250
66252
66254
66257
66259
66262
66264
66266
66269
66271
66274
66276
66278
66281
66283
66286
66288
66290
66293
66295
66298
66300
66302
66305
66307
66310
66312
66314
66317
66319
66322
66324
66326
66329
66331
66334
66336
66338
66341
66343
66346
66348
66350
66353
66355
66358
66360
66362
66365
66367
66370
66372
66375
66377
66379
66382
66384
66387
66389
66391
66394
66396
66399
66401
66403
66406
66408
66411
66413
66415
66418
66420
66423
66425
66427
66430
66432
66435
66437
66439
66442
66444
66447
66449
66451
66454
66456
66459
66461
66463
66466
66468
66471
66473
66475
66478
66480
66483
66485
66487
66490
66492
66495
66497
66500
66502
66504
66507
66509
66512
66514
66516
66519
66521
66524
66526
66528
66531
66533
66536
66538
66540
66543
66545
66548
66550
66552
66555
66557
66560
66562
66564
66567
66569
66572
66574
66576
66579
66581
66584
66586
66588
66591
66593
66596
66598
66600
66603
66605
66608
66610
66612
66615
66617
66620
66622
66625
66627
66629
66632
66634
66637
66639
66641
66644
66646
66649
66651
66653
66656
66658
66661
66663
66665
66668
66670
66673
66675
66677
66680
66682
66685
66687
66689
66692
66694
66697
66699
66701
66704
66706
66709
66711
66713
66716
66718
66721
66723
66725
66728
66730
66733
66735
66737
66740
66742
66745
66747
66750
66752
66754
66757
66759
66762
66764
66766
66769
66771
66774
66776
66778
66781
66783
66786
66788
66790
66793
66795
66798
66800
66802
66805
66807
66810
66812
66814
66817
66819
66822
66824
66826
66829
66831
66834
66836
66838
66841
66843
66846
66848
66850
66853
66855
66858
66860
66862
66865
66867
66870
66872
66875
66877
66879
66882
66884
66887
66889
66891
66894
66896
66899
66901
66903
66906
66908
66911
66913
66915
66918
66920
66923
66925
66927
66930
66932
66935
66937
66939
66942
66944
66947
66949
66951
66954
66956
66959
66961
66963
66966
66968
66971
66973
66975
66978
66980
66983
66985
66987
66990
66992
66995
66997
67000
67002
67004
67007
67009
67012
67014
67016
67019
67021
67024
67026
67028
67031
67033
67036
67038
67040
67043
67045
67048
67050
67052
67055
67057
67060
67062
67064
67067
67069
67072
67074
67076
67079
67081
67084
67086
67088
67091
67093
67096
67098
67100
67103
67105
67108
67110
67112
67115
67117
67120
67122
67125
67127
67129
67132
67134
67137
67139
67141
67144
67146
67149
67151
67153
67156
67158
67161
67163
67165
67168
67170
67173
67175
67177
67180
67182
67185
67187
67189
67192
67194
67197
67199
67201
67204
67206
67209
67211
67213
67216
67218
67221
67223
67225
67228
67230
67233
67235
67237
67240
67242
67245
67247
67250
67252
67254
67257
67259
67262
67264
67266
67269
67271
67274
67276
67278
67281
67283
67286
67288
67290
67293
67295
67298
67300
67302
67305
67307
67310
67312
67314
67317
67319
67322
67324
67326
67329
67331
67334
67336
67338
67341
67343
67346
67348
67350
67353
67355
67358
67360
67362
67365
67367
67370
67372
67375
67377
67379
67382
67384
67387
67389
67391
67394
67396
67399
67401
67403
67406
67408
67411
67413
67415
67418
67420
67423
67425
67427
67430
67432
67435
67437
67439
67442
67444
67447
67449
67451
67454
67456
67459
67461
67463
67466
67468
67471
67473
67475
67478
67480
67483
67485
67487
67490
67492
67495
67497
67500
67502
67504
67507
67509
67512
67514
67516
67519
67521
67524
67526
67528
67531
67533
67536
67538
67540
67543
67545
67548
67550
67552
67555
67557
67560
67562
67564
67567
67569
67572
67574
67576
67579
67581
67584
67586
67588
67591
67593
67596
67598
67600
67603
67605
67608
67610
67612
67615
67617
67620
67622
67625
67627
67629
67632
67634
67637
67639
67641
67644
67646
67649
67651
67653
67656
67658
67661
67663
67665
67668
67670
67673
67675
67677
67680
67682
67685
67687
67689
67692
67694
67697
67699
67701
67704
67706
67709
67711
67713
67716
67718
67721
67723
67725
67728
67730
67733
67735
67737
67740
67742
67745
67747
67750
67752
67754
67757
67759
67762
67764
67766
67769
67771
67774
67776
67778
67781
67783
67786
67788
67790
67793
67795
67798
67800
67802
67805
67807
67810
67812
67814
67817
67819
67822
67824
67826
67829
67831
67834
67836
67838
67841
67843
67846
67848
67850
67853
67855
67858
67860
67862
67865
67867
67870
67872
67875
67877
67879
67882
67884
67887
67889
67891
67894
67896
67899
67901
67903
67906
67908
67911
67913
67915
67918
67920
67923
67925
67927
67930
67932
67935
67937
67939
67942
67944
67947
67949
67951
67954
67956
67959
67961
67963
67966
67968
67971
67973
67975
67978
67980
67983
67985
67987
67990
67992
67995
67997
68000
68002
68004
68007
68009
68012
68014
68016
68019
68021
68024
68026
68028
68031
68033
68036
68038
68040
68043
68045
68048
68050
68052
68055
68057
68060
68062
68064
68067
68069
68072
68074
68076
68079
68081
68084
68086
68088
68091
68093
68096
68098
68100
68103
68105
68108
68110
68112
68115
68117
68120
68122
68125
68127
68129
68132
68134
68137
68139
68141
68144
68146
68149
68151
68153
68156
68158
68161
68163
68165
68168
68170
68173
68175
68177
68180
68182
68185
68187
68189
68192
68194
68197
68199
68201
68204
68206
68209
68211
68213
68216
68218
68221
68223
68225
68228
68230
68233
68235
68237
68240
68242
68245
68247
68250
68252
68254
68257
68259
68262
68264
68266
68269
68271
68274
68276
68278
68281
68283
68286
68288
68290
68293
68295
68298
68300
68302
68305
68307
68310
68312
68314
68317
68319
68322
68324
68326
68329
68331
68334
68336
68338
68341
68343
68346
68348
68350
68353
68355
68358
68360
68362
68365
68367
68370
68372
68375
68377
68379
68382
68384
68387
68389
68391
68394
68396
68399
68401
68403
68406
68408
68411
68413
68415
68418
68420
68423
68425
68427
68430
68432
68435
68437
68439
68442
68444
68447
68449
68451
68454
68456
68459
68461
68463
68466
68468
68471
68473
68475
68478
68480
68483
68485
68487
68490
68492
68495
68497
68500
68502
68504
68507
68509
68512
68514
68516
68519
68521
68524
68526
68528
68531
68533
68536
68538
68540
68543
68545
68548
68550
68552
68555
68557
68560
68562
68564
68567
68569
68572
68574
68576
68579
68581
68584
68586
68588
68591
68593
68596
68598
68600
68603
68605
68608
68610
68612
68615
68617
68620
68622
68625
68627
68629
68632
68634
68637
68639
68641
68644
68646
68649
68651
68653
68656
68658
68661
68663
68665
68668
68670
68673
68675
68677
68680
68682
68685
68687
68689
68692
68694
68697
68699
68701
68704
68706
68709
68711
68713
68716
68718
68721
68723
68725
68728
68730
68733
68735
68737
68740
68742
68745
68747
68750
68752
68754
68757
68759
68762
68764
68766
68769
68771
68774
68776
68778
68781
68783
68786
68788
68790
68793
68795
68798
68800
68802
68805
68807
68810
68812
68814
68817
68819
68822
68824
68826
68829
68831
68834
68836
68838
68841
68843
68846
68848
68850
68853
68855
68858
68860
68862
68865
68867
68870
68872
68875
68877
68879
68882
68884
68887
68889
68891
68894
68896
68899
68901
68903
68906
68908
68911
68913
68915
68918
68920
68923
68925
68927
68930
68932
68935
68937
68939
68942
68944
68947
68949
68951
68954
68956
68959
68961
68963
68966
68968
68971
68973
68975
68978
68980
68983
68985
68987
68990
68992
68995
68997
69000
69002
69004
69007
69009
69012
69014
69016
69019
69021
69024
69026
69028
69031
69033
69036
69038
69040
69043
69045
69048
69050
69052
69055
69057
69060
69062
69064
69067
69069
69072
69074
69076
69079
69081
69084
69086
69088
69091
69093
69096
69098
69100
69103
69105
69108
69110
69112
69115
69117
69120
69122
69125
69127
69129
69132
69134
69137
69139
69141
69144
69146
69149
69151
69153
69156
69158
69161
69163
69165
69168
69170
69173
69175
69177
69180
69182
69185
69187
69189
69192
69194
69197
69199
69201
69204
69206
69209
69211
69213
69216
69218
69221
69223
69225
69228
69230
69233
69235
69237
69240
69242
69245
69247
69250
69252
69254
69257
69259
69262
69264
69266
69269
69271
69274
69276
69278
69281
69283
69286
69288
69290
69293
69295
69298
69300
69302
69305
69307
69310
69312
69314
69317
69319
69322
69324
69326
69329
69331
69334
69336
69338
69341
69343
69346
69348
69350
69353
69355
69358
69360
69362
69365
69367
69370
69372
69375
69377
69379
69382
69384
69387
69389
69391
69394
69396
69399
69401
69403
69406
69408
69411
69413
69415
69418
69420
69423
69425
69427
69430
69432
69435
69437
69439
69442
69444
69447
69449
69451
69454
69456
69459
69461
69463
69466
69468
69471
69473
69475
69478
69480
69483
69485
69487
69490
69492
69495
69497
69500
69502
69504
69507
69509
69512
69514
69516
69519
69521
69524
69526
69528
69531
69533
69536
69538
69540
69543
69545
69548
69550
69552
69555
69557
69560
69562
69564
69567
69569
69572
69574
69576
69579
69581
69584
69586
69588
69591
69593
69596
69598
69600
69603
69605
69608
69610
69612
69615
69617
69620
69622
69625
69627
69629
69632
69634
69637
69639
69641
69644
69646
69649
69651
69653
69656
69658
69661
69663
69665
69668
69670
69673
69675
69677
69680
69682
69685
69687
69689
69692
69694
69697
69699
69701
69704
69706
69709
69711
69713
69716
69718
69721
69723
69725
69728
69730
69733
69735
69737
69740
69742
69745
69747
69750
69752
69754
69757
69759
69762
69764
69766
69769
69771
69774
69776
69778
69781
69783
69786
69788
69790
69793
69795
69798
69800
69802
69805
69807
69810
69812
69814
69817
69819
69822
69824
69826
69829
69831
69834
69836
69838
69841
69843
69846
69848
69850
69853
69855
69858
69860
69862
69865
69867
69870
69872
69875
69877
69879
69882
69884
69887
69889
69891
69894
69896
69899
69901
69903
69906
69908
69911
69913
69915
69918
69920
69923
69925
69927
69930
69932
69935
69937
69939
69942
69944
69947
69949
69951
69954
69956
69959
69961
69963
69966
69968
69971
69973
69975
69978
69980
69983
69985
69987
69990
69992
69995
69997
70000
70002
70004
70007
70009
70012
70014
70016
70019
70021
70024
70026
70028
70031
70033
70036
70038
70040
70043
70045
70048
70050
70052
70055
70057
70060
70062
70064
70067
70069
70072
70074
70076
70079
70081
70084
70086
70088
70091
70093
70096
70098
70100
70103
70105
70108
70110
70112
70115
70117
70120
70122
70125
70127
70129
70132
70134
70137
70139
70141
70144
70146
70149
70151
70153
70156
70158
70161
70163
70165
70168
70170
70173
70175
70177
70180
70182
70185
70187
70189
70192
70194
70197
70199
70201
70204
70206
70209
70211
70213
70216
70218
70221
70223
70225
70228
70230
70233
70235
70237
70240
70242
70245
70247
70250
70252
70254
70257
70259
70262
70264
70266
70269
70271
70274
70276
70278
70281
70283
70286
70288
70290
70293
70295
70298
70300
70302
70305
70307
70310
70312
70314
70317
70319
70322
70324
70326
70329
70331
70334
70336
70338
70341
70343
70346
70348
70350
70353
70355
70358
70360
70362
70365
70367
70370
70372
70375
70377
70379
70382
70384
70387
70389
70391
70394
70396
70399
70401
70403
70406
70408
70411
70413
70415
70418
70420
70423
70425
70427
70430
70432
70435
70437
70439
70442
70444
70447
70449
70451
70454
70456
70459
70461
70463
70466
70468
70471
70473
70475
70478
70480
70483
70485
70487
70490
70492
70495
70497
70500
70502
70504
70507
70509
70512
70514
70516
70519
70521
70524
70526
70528
70531
70533
70536
70538
70540
70543
70545
70548
70550
70552
70555
70557
70560
70562
70564
70567
70569
70572
70574
70576
70579
70581
70584
70586
70588
70591
70593
70596
70598
70600
70603
70605
70608
70610
70612
70615
70617
70620
70622
70625
70627
70629
70632
70634
70637
70639
70641
70644
70646
70649
70651
70653
70656
70658
70661
70663
70665
70668
70670
70673
70675
70677
70680
70682
70685
70687
70689
70692
70694
70697
70699
70701
70704
70706
70709
70711
70713
70716
70718
70721
70723
70725
70728
70730
70733
70735
70737
70740
70742
70745
70747
70750
70752
70754
70757
70759
70762
70764
70766
70769
70771
70774
70776
70778
70781
70783
70786
70788
70790
70793
70795
70798
70800
70802
70805
70807
70810
70812
70814
70817
70819
70822
70824
70826
70829
70831
70834
70836
70838
70841
70843
70846
70848
70850
70853
70855
70858
70860
70862
70865
70867
70870
70872
70875
70877
70879
70882
70884
70887
70889
70891
70894
70896
70899
70901
70903
70906
70908
70911
70913
70915
70918
70920
70923
70925
70927
70930
70932
70935
70937
70939
70942
70944
70947
70949
70951
70954
70956
70959
70961
70963
70966
70968
70971
70973
70975
70978
70980
70983
70985
70987
70990
70992
70995
70997
71000
71002
71004
71007
71009
71012
71014
71016
71019
71021
71024
71026
71028
71031
71033
71036
71038
71040
71043
71045
71048
71050
71052
71055
71057
71060
71062
71064
71067
71069
71072
71074
71076
71079
71081
71084
71086
71088
71091
71093
71096
71098
71100
71103
71105
71108
71110
71112
71115
71117
71120
71122
71125
71127
71129
71132
71134
71137
71139
71141
71144
71146
71149
71151
71153
71156
71158
71161
71163
71165
71168
71170
71173
71175
71177
71180
71182
71185
71187
71189
71192
71194
71197
71199
71201
71204
71206
71209
71211
71213
71216
71218
71221
71223
71225
71228
71230
71233
71235
71237
71240
71242
71245
71247
71250
71252
71254
71257
71259
71262
71264
71266
71269
71271
71274
71276
71278
71281
71283
71286
71288
71290
71293
71295
71298
71300
71302
71305
71307
71310
71312
71314
71317
71319
71322
71324
71326
71329
71331
71334
71336
71338
71341
71343
71346
71348
71350
71353
71355
71358
71360
71362
71365
71367
71370
71372
71375
71377
71379
71382
71384
71387
71389
71391
71394
71396
71399
71401
71403
71406
71408
71411
71413
71415
71418
71420
71423
71425
71427
71430
71432
71435
71437
71439
71442
71444
71447
71449
71451
71454
71456
71459
71461
71463
71466
71468
71471
71473
71475
71478
71480
71483
71485
71487
71490
71492
71495
71497
71500
71502
71504
71507
71509
71512
71514
71516
71519
71521
71524
71526
71528
71531
71533
71536
71538
71540
71543
71545
71548
71550
71552
71555
71557
71560
71562
71564
71567
71569
71572
71574
71576
71579
71581
71584
71586
71588
71591
71593
71596
71598
71600
71603
71605
71608
71610
71612
71615
71617
71620
71622
71625
71627
71629
71632
71634
71637
71639
71641
71644
71646
71649
71651
71653
71656
71658
71661
71663
71665
71668
71670
71673
71675
71677
71680
71682
71685
71687
71689
71692
71694
71697
71699
71701
71704
71706
71709
71711
71713
71716
71718
71721
71723
71725
71728
71730
71733
71735
71737
71740
71742
71745
71747
71750
71752
71754
71757
71759
71762
71764
71766
71769
71771
71774
71776
71778
71781
71783
71786
71788
71790
71793
71795
71798
71800
71802
71805
71807
71810
71812
71814
71817
71819
71822
71824
71826
71829
71831
71834
71836
71838
71841
71843
71846
71848
71850
71853
71855
71858
71860
71862
71865
71867
71870
71872
71875
71877
71879
71882
71884
71887
71889
71891
71894
71896
71899
71901
71903
71906
71908
71911
71913
71915
71918
71920
71923
71925
71927
71930
71932
71935
71937
71939
71942
71944
71947
71949
71951
71954
71956
71959
71961
71963
71966
71968
71971
71973
71975
71978
71980
71983
71985
71987
71990
71992
71995
71997
72000
72002
72004
72007
72009
72012
72014
72016
72019
72021
72024
72026
72028
72031
72033
72036
72038
72040
72043
72045
72048
72050
72052
72055
72057
72060
72062
72064
72067
72069
72072
72074
72076
72079
72081
72084
72086
72088
72091
72093
72096
72098
72100
72103
72105
72108
72110
72112
72115
72117
72120
72122
72125
72127
72129
72132
72134
72137
72139
72141
72144
72146
72149
72151
72153
72156
72158
72161
72163
72165
72168
72170
72173
72175
72177
72180
72182
72185
72187
72189
72192
72194
72197
72199
72201
72204
72206
72209
72211
72213
72216
72218
72221
72223
72225
72228
72230
72233
72235
72237
72240
72242
72245
72247
72250
72252
72254
72257
72259
72262
72264
72266
72269
72271
72274
72276
72278
72281
72283
72286
72288
72290
72293
72295
72298
72300
72302
72305
72307
72310
72312
72314
72317
72319
72322
72324
72326
72329
72331
72334
72336
72338
72341
72343
72346
72348
72350
72353
72355
72358
72360
72362
72365
72367
72370
72372
72375
72377
72379
72382
72384
72387
72389
72391
72394
72396
72399
72401
72403
72406
72408
72411
72413
72415
72418
72420
72423
72425
72427
72430
72432
72435
72437
72439
72442
72444
72447
72449
72451
72454
72456
72459
72461
72463
72466
72468
72471
72473
72475
72478
72480
72483
72485
72487
72490
72492
72495
72497
72500
72502
72504
72507
72509
72512
72514
72516
72519
72521
72524
72526
72528
72531
72533
72536
72538
72540
72543
72545
72548
72550
72552
72555
72557
72560
72562
72564
72567
72569
72572
72574
72576
72579
72581
72584
72586
72588
72591
72593
72596
72598
72600
72603
72605
72608
72610
72612
72615
72617
72620
72622
72625
72627
72629
72632
72634
72637
72639
72641
72644
72646
72649
72651
72653
72656
72658
72661
72663
72665
72668
72670
72673
72675
72677
72680
72682
72685
72687
72689
72692
72694
72697
72699
72701
72704
72706
72709
72711
72713
72716
72718
72721
72723
72725
72728
72730
72733
72735
72737
72740
72742
72745
72747
72750
72752
72754
72757
72759
72762
72764
72766
72769
72771
72774
72776
72778
72781
72783
72786
72788
72790
72793
72795
72798
72800
72802
72805
72807
72810
72812
72814
72817
72819
72822
72824
72826
72829
72831
72834
72836
72838
72841
72843
72846
72848
72850
72853
72855
72858
72860
72862
72865
72867
72870
72872
72875
72877
72879
72882
72884
72887
72889
72891
72894
72896
72899
72901
72903
72906
72908
72911
72913
72915
72918
72920
72923
72925
72927
72930
72932
72935
72937
72939
72942
72944
72947
72949
72951
72954
72956
72959
72961
72963
72966
72968
72971
72973
72975
72978
72980
72983
72985
72987
72990
72992
72995
72997
73000
73002
73004
73007
73009
73012
73014
73016
73019
73021
73024
73026
73028
73031
73033
73036
73038
73040
73043
73045
73048
73050
73052
73055
73057
73060
73062
73064
73067
73069
73072
73074
73076
73079
73081
73084
73086
73088
73091
73093
73096
73098
73100
73103
73105
73108
73110
73112
73115
73117
73120
73122
73125
73127
73129
73132
73134
73137
73139
73141
73144
73146
73149
73151
73153
73156
73158
73161
73163
73165
73168
73170
73173
73175
73177
73180
73182
73185
73187
73189
73192
73194
73197
73199
73201
73204
73206
73209
73211
73213
73216
73218
73221
73223
73225
73228
73230
73233
73235
73237
73240
73242
73245
73247
73250
73252
73254
73257
73259
73262
73264
73266
73269
73271
73274
73276
73278
73281
73283
73286
73288
73290
73293
73295
73298
73300
73302
73305
73307
73310
73312
73314
73317
73319
73322
73324
73326
73329
73331
73334
73336
73338
73341
73343
73346
73348
73350
73353
73355
73358
73360
73362
73365
73367
73370
73372
73375
73377
73379
73382
73384
73387
73389
73391
73394
73396
73399
73401
73403
73406
73408
73411
73413
73415
73418
73420
73423
73425
73427
73430
73432
73435
73437
73439
73442
73444
73447
73449
73451
73454
73456
73459
73461
73463
73466
73468
73471
73473
73475
73478
73480
73483
73485
73487
73490
73492
73495
73497
73500
73502
73504
73507
73509
73512
73514
73516
73519
73521
73524
73526
73528
73531
73533
73536
73538
73540
73543
73545
73548
73550
73552
73555
73557
73560
73562
73564
73567
73569
73572
73574
73576
73579
73581
73584
73586
73588
73591
73593
73596
73598
73600
73603
73605
73608
73610
73612
73615
73617
73620
73622
73625
73627
73629
73632
73634
73637
73639
73641
73644
73646
73649
73651
73653
73656
73658
73661
73663
73665
73668
73670
73673
73675
73677
73680
73682
73685
73687
73689
73692
73694
73697
73699
73701
73704
73706
73709
73711
73713
73716
73718
73721
73723
73725
73728
73730
73733
73735
73737
73740
73742
73745
73747
73750
73752
73754
73757
73759
73762
73764
73766
73769
73771
73774
73776
73778
73781
73783
73786
73788
73790
73793
73795
73798
73800
73802
73805
73807
73810
73812
73814
73817
73819
73822
73824
73826
73829
73831
73834
73836
73838
73841
73843
73846
73848
73850
73853
73855
73858
73860
73862
73865
73867
73870
73872
73875
73877
73879
73882
73884
73887
73889
73891
73894
73896
73899
73901
73903
73906
73908
73911
73913
73915
73918
73920
73923
73925
73927
73930
73932
73935
73937
73939
73942
73944
73947
73949
73951
73954
73956
73959
73961
73963
73966
73968
73971
73973
73975
73978
73980
73983
73985
73987
73990
73992
73995
73997
74000
74002
74004
74007
74009
74012
74014
74016
74019
74021
74024
74026
74028
74031
74033
74036
74038
74040
74043
74045
74048
74050
74052
74055
74057
74060
74062
74064
74067
74069
74072
74074
74076
74079
74081
74084
74086
74088
74091
74093
74096
74098
74100
74103
74105
74108
74110
74112
74115
74117
74120
74122
74125
74127
74129
74132
74134
74137
74139
74141
74144
74146
74149
74151
74153
74156
74158
74161
74163
74165
74168
74170
74173
74175
74177
74180
74182
74185
74187
74189
74192
74194
74197
74199
74201
74204
74206
74209
74211
74213
74216
74218
74221
74223
74225
74228
74230
74233
74235
74237
74240
74242
74245
74247
74250
74252
74254
74257
74259
74262
74264
74266
74269
74271
74274
74276
74278
74281
74283
74286
74288
74290
74293
74295
74298
74300
74302
74305
74307
74310
74312
74314
74317
74319
74322
74324
74326
74329
74331
74334
74336
74338
74341
74343
74346
74348
74350
74353
74355
74358
74360
74362
74365
74367
74370
74372
74375
74377
74379
74382
74384
74387
74389
74391
74394
74396
74399
74401
74403
74406
74408
74411
74413
74415
74418
74420
74423
74425
74427
74430
74432
74435
74437
74439
74442
74444
74447
74449
74451
74454
74456
74459
74461
74463
74466
74468
74471
74473
74475
74478
74480
74483
74485
74487
74490
74492
74495
74497
74500
74502
74504
74507
74509
74512
74514
74516
74519
74521
74524
74526
74528
74531
74533
74536
74538
74540
74543
74545
74548
74550
74552
74555
74557
74560
74562
74564
74567
74569
74572
74574
74576
74579
74581
74584
74586
74588
74591
74593
74596
74598
74600
74603
74605
74608
74610
74612
74615
74617
74620
74622
74625
74627
74629
74632
74634
74637
74639
74641
74644
74646
74649
74651
74653
74656
74658
74661
74663
74665
74668
74670
74673
74675
74677
74680
74682
74685
74687
74689
74692
74694
74697
74699
74701
74704
74706
74709
74711
74713
74716
74718
74721
74723
74725
74728
74730
74733
74735
74737
74740
74742
74745
74747
74750
74752
74754
74757
74759
74762
74764
74766
74769
74771
74774
74776
74778
74781
74783
74786
74788
74790
74793
74795
74798
74800
74802
74805
74807
74810
74812
74814
74817
74819
74822
74824
74826
74829
74831
74834
74836
74838
74841
74843
74846
74848
74850
74853
74855
74858
74860
74862
74865
74867
74870
74872
74875
74877
74879
74882
74884
74887
74889
74891
74894
74896
74899
74901
74903
74906
74908
74911
74913
74915
74918
74920
74923
74925
74927
74930
74932
74935
74937
74939
74942
74944
74947
74949
74951
74954
74956
74959
74961
74963
74966
74968
74971
74973
74975
74978
74980
74983
74985
74987
74990
74992
74995
74997
75000
75002
75004
75007
75009
75012
75014
75016
75019
75021
75024
75026
75028
75031
75033
75036
75038
75040
75043
75045
75048
75050
75052
75055
75057
75060
75062
75064
75067
75069
75072
75074
75076
75079
75081
75084
75086
75088
75091
75093
75096
75098
75100
75103
75105
75108
75110
75112
75115
75117
75120
75122
75125
75127
75129
75132
75134
75137
75139
75141
75144
75146
75149
75151
75153
75156
75158
75161
75163
75165
75168
75170
75173
75175
75177
75180
75182
75185
75187
75189
75192
75194
75197
75199
75201
75204
75206
75209
75211
75213
75216
75218
75221
75223
75225
75228
75230
75233
75235
75237
75240
75242
75245
75247
75250
75252
75254
75257
75259
75262
75264
75266
75269
75271
75274
75276
75278
75281
75283
75286
75288
75290
75293
75295
75298
75300
75302
75305
75307
75310
75312
75314
75317
75319
75322
75324
75326
75329
75331
75334
75336
75338
75341
75343
75346
75348
75350
75353
75355
75358
75360
75362
75365
75367
75370
75372
75375
75377
75379
75382
75384
75387
75389
75391
75394
75396
75399
75401
75403
75406
75408
75411
75413
75415
75418
75420
75423
75425
75427
75430
75432
75435
75437
75439
75442
75444
75447
75449
75451
75454
75456
75459
75461
75463
75466
75468
75471
75473
75475
75478
75480
75483
75485
75487
75490
75492
75495
75497
75500
75502
75504
75507
75509
75512
75514
75516
75519
75521
75524
75526
75528
75531
75533
75536
75538
75540
75543
75545
75548
75550
75552
75555
75557
75560
75562
75564
75567
75569
75572
75574
75576
75579
75581
75584
75586
75588
75591
75593
75596
75598
75600
75603
75605
75608
75610
75612
75615
75617
75620
75622
75625
75627
75629
75632
75634
75637
75639
75641
75644
75646
75649
75651
75653
75656
75658
75661
75663
75665
75668
75670
75673
75675
75677
75680
75682
75685
75687
75689
75692
75694
75697
75699
75701
75704
75706
75709
75711
75713
75716
75718
75721
75723
75725
75728
75730
75733
75735
75737
75740
75742
75745
75747
75750
75752
75754
75757
75759
75762
75764
75766
75769
75771
75774
75776
75778
75781
75783
75786
75788
75790
75793
75795
75798
75800
75802
75805
75807
75810
75812
75814
75817
75819
75822
75824
75826
75829
75831
75834
75836
75838
75841
75843
75846
75848
75850
75853
75855
75858
75860
75862
75865
75867
75870
75872
75875
75877
75879
75882
75884
75887
75889
75891
75894
75896
75899
75901
75903
75906
75908
75911
75913
75915
75918
75920
75923
75925
75927
75930
75932
75935
75937
75939
75942
75944
75947
75949
75951
75954
75956
75959
75961
75963
75966
75968
75971
75973
75975
75978
75980
75983
75985
75987
75990
75992
75995
75997
76000
76002
76004
76007
76009
76012
76014
76016
76019
76021
76024
76026
76028
76031
76033
76036
76038
76040
76043
76045
76048
76050
76052
76055
76057
76060
76062
76064
76067
76069
76072
76074
76076
76079
76081
76084
76086
76088
76091
76093
76096
76098
76100
76103
76105
76108
76110
76112
76115
76117
76120
76122
76125
76127
76129
76132
76134
76137
76139
76141
76144
76146
76149
76151
76153
76156
76158
76161
76163
76165
76168
76170
76173
76175
76177
76180
76182
76185
76187
76189
76192
76194
76197
76199
76201
76204
76206
76209
76211
76213
76216
76218
76221
76223
76225
76228
76230
76233
76235
76237
76240
76242
76245
76247
76250
76252
76254
76257
76259
76262
76264
76266
76269
76271
76274
76276
76278
76281
76283
76286
76288
76290
76293
76295
76298
76300
76302
76305
76307
76310
76312
76314
76317
76319
76322
76324
76326
76329
76331
76334
76336
76338
76341
76343
76346
76348
76350
76353
76355
76358
76360
76362
76365
76367
76370
76372
76375
76377
76379
76382
76384
76387
76389
76391
76394
76396
76399
76401
76403
76406
76408
76411
76413
76415
76418
76420
76423
76425
76427
76430
76432
76435
76437
76439
76442
76444
76447
76449
76451
76454
76456
76459
76461
76463
76466
76468
76471
76473
76475
76478
76480
76483
76485
76487
76490
76492
76495
76497
76500
76502
76504
76507
76509
76512
76514
76516
76519
76521
76524
76526
76528
76531
76533
76536
76538
76540
76543
76545
76548
76550
76552
76555
76557
76560
76562
76564
76567
76569
76572
76574
76576
76579
76581
76584
76586
76588
76591
76593
76596
76598
76600
76603
76605
76608
76610
76612
76615
76617
76620
76622
76625
76627
76629
76632
76634
76637
76639
76641
76644
76646
76649
76651
76653
76656
76658
76661
76663
76665
76668
76670
76673
76675
76677
76680
76682
76685
76687
76689
76692
76694
76697
76699
76701
76704
76706
76709
76711
76713
76716
76718
76721
76723
76725
76728
76730
76733
76735
76737
76740
76742
76745
76747
76750
76752
76754
76757
76759
76762
76764
76766
76769
76771
76774
76776
76778
76781
76783
76786
76788
76790
76793
76795
76798
76800
76802
76805
76807
76810
76812
76814
76817
76819
76822
76824
76826
76829
76831
76834
76836
76838
76841
76843
76846
76848
76850
76853
76855
76858
76860
76862
76865
76867
76870
76872
76875
76877
76879
76882
76884
76887
76889
76891
76894
76896
76899
76901
76903
76906
76908
76911
76913
76915
76918
76920
76923
76925
76927
76930
76932
76935
76937
76939
76942
76944
76947
76949
76951
76954
76956
76959
76961
76963
76966
76968
76971
76973
76975
76978
76980
76983
76985
76987
76990
76992
76995
76997
77000
77002
77004
77007
77009
77012
77014
77016
77019
77021
77024
77026
77028
77031
77033
77036
77038
77040
77043
77045
77048
77050
77052
77055
77057
77060
77062
77064
77067
77069
77072
77074
77076
77079
77081
77084
77086
77088
77091
77093
77096
77098
77100
77103
77105
77108
77110
77112
77115
77117
77120
77122
77125
77127
77129
77132
77134
77137
77139
77141
77144
77146
77149
77151
77153
77156
77158
77161
77163
77165
77168
77170
77173
77175
77177
77180
77182
77185
77187
77189
77192
77194
77197
77199
77201
77204
77206
77209
77211
77213
77216
77218
77221
77223
77225
77228
77230
77233
77235
77237
77240
77242
77245
77247
77250
77252
77254
77257
77259
77262
77264
77266
77269
77271
77274
77276
77278
77281
77283
77286
77288
77290
77293
77295
77298
77300
77302
77305
77307
77310
77312
77314
77317
77319
77322
77324
77326
77329
77331
77334
77336
77338
77341
77343
77346
77348
77350
77353
77355
77358
77360
77362
77365
77367
77370
77372
77375
77377
77379
77382
77384
77387
77389
77391
77394
77396
77399
77401
77403
77406
77408
77411
77413
77415
77418
77420
77423
77425
77427
77430
77432
77435
77437
77439
77442
77444
77447
77449
77451
77454
77456
77459
77461
77463
77466
77468
77471
77473
77475
77478
77480
77483
77485
77487
77490
77492
77495
77497
77500
77502
77504
77507
77509
77512
77514
77516
77519
77521
77524
77526
77528
77531
77533
77536
77538
77540
77543
77545
77548
77550
77552
77555
77557
77560
77562
77564
77567
77569
77572
77574
77576
77579
77581
77584
77586
77588
77591
77593
77596
77598
77600
77603
77605
77608
77610
77612
77615
77617
77620
77622
77625
77627
77629
77632
77634
77637
77639
77641
77644
77646
77649
77651
77653
77656
77658
77661
77663
77665
77668
77670
77673
77675
77677
77680
77682
77685
77687
77689
77692
77694
77697
77699
77701
77704
77706
77709
77711
77713
77716
77718
77721
77723
77725
77728
77730
77733
77735
77737
77740
77742
77745
77747
77750
77752
77754
77757
77759
77762
77764
77766
77769
77771
77774
77776
77778
77781
77783
77786
77788
77790
77793
77795
77798
77800
77802
77805
77807
77810
77812
77814
77817
77819
77822
77824
77826
77829
77831
77834
77836
77838
77841
77843
77846
77848
77850
77853
77855
77858
77860
77862
77865
77867
77870
77872
77875
77877
77879
77882
77884
77887
77889
77891
77894
77896
77899
77901
77903
77906
77908
77911
77913
77915
77918
77920
77923
77925
77927
77930
77932
77935
77937
77939
77942
77944
77947
77949
77951
77954
77956
77959
77961
77963
77966
77968
77971
77973
77975
77978
77980
77983
77985
77987
77990
77992
77995
77997
78000
78002
78004
78007
78009
78012
78014
78016
78019
78021
78024
78026
78028
78031
78033
78036
78038
78040
78043
78045
78048
78050
78052
78055
78057
78060
78062
78064
78067
78069
78072
78074
78076
78079
78081
78084
78086
78088
78091
78093
78096
78098
78100
78103
78105
78108
78110
78112
78115
78117
78120
78122
78125
78127
78129
78132
78134
78137
78139
78141
78144
78146
78149
78151
78153
78156
78158
78161
78163
78165
78168
78170
78173
78175
78177
78180
78182
78185
78187
78189
78192
78194
78197
78199
78201
78204
78206
78209
78211
78213
78216
78218
78221
78223
78225
78228
78230
78233
78235
78237
78240
78242
78245
78247
78250
78252
78254
78257
78259
78262
78264
78266
78269
78271
78274
78276
78278
78281
78283
78286
78288
78290
78293
78295
78298
78300
78302
78305
78307
78310
78312
78314
78317
78319
78322
78324
78326
78329
78331
78334
78336
78338
78341
78343
78346
78348
78350
78353
78355
78358
78360
78362
78365
78367
78370
78372
78375
78377
78379
78382
78384
78387
78389
78391
78394
78396
78399
78401
78403
78406
78408
78411
78413
78415
78418
78420
78423
78425
78427
78430
78432
78435
78437
78439
78442
78444
78447
78449
78451
78454
78456
78459
78461
78463
78466
78468
78471
78473
78475
78478
78480
78483
78485
78487
78490
78492
78495
78497
78500
78502
78504
78507
78509
78512
78514
78516
78519
78521
78524
78526
78528
78531
78533
78536
78538
78540
78543
78545
78548
78550
78552
78555
78557
78560
78562
78564
78567
78569
78572
78574
78576
78579
78581
78584
78586
78588
78591
78593
78596
78598
78600
78603
78605
78608
78610
78612
78615
78617
78620
78622
78625
78627
78629
78632
78634
78637
78639
78641
78644
78646
78649
78651
78653
78656
78658
78661
78663
78665
78668
78670
78673
78675
78677
78680
78682
78685
78687
78689
78692
78694
78697
78699
78701
78704
78706
78709
78711
78713
78716
78718
78721
78723
78725
78728
78730
78733
78735
78737
78740
78742
78745
78747
78750
78752
78754
78757
78759
78762
78764
78766
78769
78771
78774
78776
78778
78781
78783
78786
78788
78790
78793
78795
78798
78800
78802
78805
78807
78810
78812
78814
78817
78819
78822
78824
78826
78829
78831
78834
78836
78838
78841
78843
78846
78848
78850
78853
78855
78858
78860
78862
78865
78867
78870
78872
78875
78877
78879
78882
78884
78887
78889
78891
78894
78896
78899
78901
78903
78906
78908
78911
78913
78915
78918
78920
78923
78925
78927
78930
78932
78935
78937
78939
78942
78944
78947
78949
78951
78954
78956
78959
78961
78963
78966
78968
78971
78973
78975
78978
78980
78983
78985
78987
78990
78992
78995
78997
79000
79002
79004
79007
79009
79012
79014
79016
79019
79021
79024
79026
79028
79031
79033
79036
79038
79040
79043
79045
79048
79050
79052
79055
79057
79060
79062
79064
79067
79069
79072
79074
79076
79079
79081
79084
79086
79088
79091
79093
79096
79098
79100
79103
79105
79108
79110
79112
79115
79117
79120
79122
79125
79127
79129
79132
79134
79137
79139
79141
79144
79146
79149
79151
79153
79156
79158
79161
79163
79165
79168
79170
79173
79175
79177
79180
79182
79185
79187
79189
79192
79194
79197
79199
79201
79204
79206
79209
79211
79213
79216
79218
79221
79223
79225
79228
79230
79233
79235
79237
79240
79242
79245
79247
79250
79252
79254
79257
79259
79262
79264
79266
79269
79271
79274
79276
79278
79281
79283
79286
79288
79290
79293
79295
79298
79300
79302
79305
79307
79310
79312
79314
79317
79319
79322
79324
79326
79329
79331
79334
79336
79338
79341
79343
79346
79348
79350
79353
79355
79358
79360
79362
79365
79367
79370
79372
79375
79377
79379
79382
79384
79387
79389
79391
79394
79396
79399
79401
79403
79406
79408
79411
79413
79415
79418
79420
79423
79425
79427
79430
79432
79435
79437
79439
79442
79444
79447
79449
79451
79454
79456
79459
79461
79463
79466
79468
79471
79473
79475
79478
79480
79483
79485
79487
79490
79492
79495
79497
79500
79502
79504
79507
79509
79512
79514
79516
79519
79521
79524
79526
79528
79531
79533
79536
79538
79540
79543
79545
79548
79550
79552
79555
79557
79560
79562
79564
79567
79569
79572
79574
79576
79579
79581
79584
79586
79588
79591
79593
79596
79598
79600
79603
79605
79608
79610
79612
79615
79617
79620
79622
79625
79627
79629
79632
79634
79637
79639
79641
79644
79646
79649
79651
79653
79656
79658
79661
79663
79665
79668
79670
79673
79675
79677
79680
79682
79685
79687
79689
79692
79694
79697
79699
79701
79704
79706
79709
79711
79713
79716
79718
79721
79723
79725
79728
79730
79733
79735
79737
79740
79742
79745
79747
79750
79752
79754
79757
79759
79762
79764
79766
79769
79771
79774
79776
79778
79781
79783
79786
79788
79790
79793
79795
79798
79800
79802
79805
79807
79810
79812
79814
79817
79819
79822
79824
79826
79829
79831
79834
79836
79838
79841
79843
79846
79848
79850
79853
79855
79858
79860
79862
79865
79867
79870
79872
79875
79877
79879
79882
79884
79887
79889
79891
79894
79896
79899
79901
79903
79906
79908
79911
79913
79915
79918
79920
79923
79925
79927
79930
79932
79935
79937
79939
79942
79944
79947
79949
79951
79954
79956
79959
79961
79963
79966
79968
79971
79973
79975
79978
79980
79983
79985
79987
79990
79992
79995
79997
80000
80002
80004
80007
80009
80012
80014
80016
80019
80021
80024
80026
80028
80031
80033
80036
80038
80040
80043
80045
80048
80050
80052
80055
80057
80060
80062
80064
80067
80069
80072
80074
80076
80079
80081
80084
80086
80088
80091
80093
80096
80098
80100
80103
80105
80108
80110
80112
80115
80117
80120
80122
80125
80127
80129
80132
80134
80137
80139
80141
80144
80146
80149
80151
80153
80156
80158
80161
80163
80165
80168
80170
80173
80175
80177
80180
80182
80185
80187
80189
80192
80194
80197
80199
80201
80204
80206
80209
80211
80213
80216
80218
80221
80223
80225
80228
80230
80233
80235
80237
80240
80242
80245
80247
80250
80252
80254
80257
80259
80262
80264
80266
80269
80271
80274
80276
80278
80281
80283
80286
80288
80290
80293
80295
80298
80300
80302
80305
80307
80310
80312
80314
80317
80319
80322
80324
80326
80329
80331
80334
80336
80338
80341
80343
80346
80348
80350
80353
80355
80358
80360
80362
80365
80367
80370
80372
80375
80377
80379
80382
80384
80387
80389
80391
80394
80396
80399
80401
80403
80406
80408
80411
80413
80415
80418
80420
80423
80425
80427
80430
80432
80435
80437
80439
80442
80444
80447
80449
80451
80454
80456
80459
80461
80463
80466
80468
80471
80473
80475
80478
80480
80483
80485
80487
80490
80492
80495
80497
80500
80502
80504
80507
80509
80512
80514
80516
80519
80521
80524
80526
80528
80531
80533
80536
80538
80540
80543
80545
80548
80550
80552
80555
80557
80560
80562
80564
80567
80569
80572
80574
80576
80579
80581
80584
80586
80588
80591
80593
80596
80598
80600
80603
80605
80608
80610
80612
80615
80617
80620
80622
80625
80627
80629
80632
80634
80637
80639
80641
80644
80646
80649
80651
80653
80656
80658
80661
80663
80665
80668
80670
80673
80675
80677
80680
80682
80685
80687
80689
80692
80694
80697
80699
80701
80704
80706
80709
80711
80713
80716
80718
80721
80723
80725
80728
80730
80733
80735
80737
80740
80742
80745
80747
80750
80752
80754
80757
80759
80762
80764
80766
80769
80771
80774
80776
80778
80781
80783
80786
80788
80790
80793
80795
80798
80800
80802
80805
80807
80810
80812
80814
80817
80819
80822
80824
80826
80829
80831
80834
80836
80838
80841
80843
80846
80848
80850
80853
80855
80858
80860
80862
80865
80867
80870
80872
80875
80877
80879
80882
80884
80887
80889
80891
80894
80896
80899
80901
80903
80906
80908
80911
80913
80915
80918
80920
80923
80925
80927
80930
80932
80935
80937
80939
80942
80944
80947
80949
80951
80954
80956
80959
80961
80963
80966
80968
80971
80973
80975
80978
80980
80983
80985
80987
80990
80992
80995
80997
81000
81002
81004
81007
81009
81012
81014
81016
81019
81021
81024
81026
81028
81031
81033
81036
81038
81040
81043
81045
81048
81050
81052
81055
81057
81060
81062
81064
81067
81069
81072
81074
81076
81079
81081
81084
81086
81088
81091
81093
81096
81098
81100
81103
81105
81108
81110
81112
81115
81117
81120
81122
81125
81127
81129
81132
81134
81137
81139
81141
81144
81146
81149
81151
81153
81156
81158
81161
81163
81165
81168
81170
81173
81175
81177
81180
81182
81185
81187
81189
81192
81194
81197
81199
81201
81204
81206
81209
81211
81213
81216
81218
81221
81223
81225
81228
81230
81233
81235
81237
81240
81242
81245
81247
81250
81252
81254
81257
81259
81262
81264
81266
81269
81271
81274
81276
81278
81281
81283
81286
81288
81290
81293
81295
81298
81300
81302
81305
81307
81310
81312
81314
81317
81319
81322
81324
81326
81329
81331
81334
81336
81338
81341
81343
81346
81348
81350
81353
81355
81358
81360
81362
81365
81367
81370
81372
81375
81377
81379
81382
81384
81387
81389
81391
81394
81396
81399
81401
81403
81406
81408
81411
81413
81415
81418
81420
81423
81425
81427
81430
81432
81435
81437
81439
81442
81444
81447
81449
81451
81454
81456
81459
81461
81463
81466
81468
81471
81473
81475
81478
81480
81483
81485
81487
81490
81492
81495
81497
81500
81502
81504
81507
81509
81512
81514
81516
81519
81521
81524
81526
81528
81531
81533
81536
81538
81540
81543
81545
81548
81550
81552
81555
81557
81560
81562
81564
81567
81569
81572
81574
81576
81579
81581
81584
81586
81588
81591
81593
81596
81598
81600
81603
81605
81608
81610
81612
81615
81617
81620
81622
81625
81627
81629
81632
81634
81637
81639
81641
81644
81646
81649
81651
81653
81656
81658
81661
81663
81665
81668
81670
81673
81675
81677
81680
81682
81685
81687
81689
81692
81694
81697
81699
81701
81704
81706
81709
81711
81713
81716
81718
81721
81723
81725
81728
81730
81733
81735
81737
81740
81742
81745
81747
81750
81752
81754
81757
81759
81762
81764
81766
81769
81771
81774
81776
81778
81781
81783
81786
81788
81790
81793
81795
81798
81800
81802
81805
81807
81810
81812
81814
81817
81819
81822
81824
81826
81829
81831
81834
81836
81838
81841
81843
81846
81848
81850
81853
81855
81858
81860
81862
81865
81867
81870
81872
81875
81877
81879
81882
81884
81887
81889
81891
81894
81896
81899
81901
81903
81906
81908
81911
81913
81915
81918
81920
81923
81925
81927
81930
81932
81935
81937
81939
81942
81944
81947
81949
81951
81954
81956
81959
81961
81963
81966
81968
81971
81973
81975
81978
81980
81983
81985
81987
81990
81992
81995
81997
82000
82002
82004
82007
82009
82012
82014
82016
82019
82021
82024
82026
82028
82031
82033
82036
82038
82040
82043
82045
82048
82050
82052
82055
82057
82060
82062
82064
82067
82069
82072
82074
82076
82079
82081
82084
82086
82088
82091
82093
82096
82098
82100
82103
82105
82108
82110
82112
82115
82117
82120
82122
82125
82127
82129
82132
82134
82137
82139
82141
82144
82146
82149
82151
82153
82156
82158
82161
82163
82165
82168
82170
82173
82175
82177
82180
82182
82185
82187
82189
82192
82194
82197
82199
82201
82204
82206
82209
82211
82213
82216
82218
82221
82223
82225
82228
82230
82233
82235
82237
82240
82242
82245
82247
82250
82252
82254
82257
82259
82262
82264
82266
82269
82271
82274
82276
82278
82281
82283
82286
82288
82290
82293
82295
82298
82300
82302
82305
82307
82310
82312
82314
82317
82319
82322
82324
82326
82329
82331
82334
82336
82338
82341
82343
82346
82348
82350
82353
82355
82358
82360
82362
82365
82367
82370
82372
82375
82377
82379
82382
82384
82387
82389
82391
82394
82396
82399
82401
82403
82406
82408
82411
82413
82415
82418
82420
82423
82425
82427
82430
82432
82435
82437
82439
82442
82444
82447
82449
82451
82454
82456
82459
82461
82463
82466
82468
82471
82473
82475
82478
82480
82483
82485
82487
82490
82492
82495
82497
82500
82502
82504
82507
82509
82512
82514
82516
82519
82521
82524
82526
82528
82531
82533
82536
82538
82540
82543
82545
82548
82550
82552
82555
82557
82560
82562
82564
82567
82569
82572
82574
82576
82579
82581
82584
82586
82588
82591
82593
82596
82598
82600
82603
82605
82608
82610
82612
82615
82617
82620
82622
82625
82627
82629
82632
82634
82637
82639
82641
82644
82646
82649
82651
82653
82656
82658
82661
82663
82665
82668
82670
82673
82675
82677
82680
82682
82685
82687
82689
82692
82694
82697
82699
82701
82704
82706
82709
82711
82713
82716
82718
82721
82723
82725
82728
82730
82733
82735
82737
82740
82742
82745
82747
82750
82752
82754
82757
82759
82762
82764
82766
82769
82771
82774
82776
82778
82781
82783
82786
82788
82790
82793
82795
82798
82800
82802
82805
82807
82810
82812
82814
82817
82819
82822
82824
82826
82829
82831
82834
82836
82838
82841
82843
82846
82848
82850
82853
82855
82858
82860
82862
82865
82867
82870
82872
82875
82877
82879
82882
82884
82887
82889
82891
82894
82896
82899
82901
82903
82906
82908
82911
82913
82915
82918
82920
82923
82925
82927
82930
82932
82935
82937
82939
82942
82944
82947
82949
82951
82954
82956
82959
82961
82963
82966
82968
82971
82973
82975
82978
82980
82983
82985
82987
82990
82992
82995
82997
83000
83002
83004
83007
83009
83012
83014
83016
83019
83021
83024
83026
83028
83031
83033
83036
83038
83040
83043
83045
83048
83050
83052
83055
83057
83060
83062
83064
83067
83069
83072
83074
83076
83079
83081
83084
83086
83088
83091
83093
83096
83098
83100
83103
83105
83108
83110
83112
83115
83117
83120
83122
83125
83127
83129
83132
83134
83137
83139
83141
83144
83146
83149
83151
83153
83156
83158
83161
83163
83165
83168
83170
83173
83175
83177
83180
83182
83185
83187
83189
83192
83194
83197
83199
83201
83204
83206
83209
83211
83213
83216
83218
83221
83223
83225
83228
83230
83233
83235
83237
83240
83242
83245
83247
83250
83252
83254
83257
83259
83262
83264
83266
83269
83271
83274
83276
83278
83281
83283
83286
83288
83290
83293
83295
83298
83300
83302
83305
83307
83310
83312
83314
83317
83319
83322
83324
83326
83329
83331
83334
83336
83338
83341
83343
83346
83348
83350
83353
83355
83358
83360
83362
83365
83367
83370
83372
83375
83377
83379
83382
83384
83387
83389
83391
83394
83396
83399
83401
83403
83406
83408
83411
83413
83415
83418
83420
83423
83425
83427
83430
83432
83435
83437
83439
83442
83444
83447
83449
83451
83454
83456
83459
83461
83463
83466
83468
83471
83473
83475
83478
83480
83483
83485
83487
83490
83492
83495
83497
83500
83502
83504
83507
83509
83512
83514
83516
83519
83521
83524
83526
83528
83531
83533
83536
83538
83540
83543
83545
83548
83550
83552
83555
83557
83560
83562
83564
83567
83569
83572
83574
83576
83579
83581
83584
83586
83588
83591
83593
83596
83598
83600
83603
83605
83608
83610
83612
83615
83617
83620
83622
83625
83627
83629
83632
83634
83637
83639
83641
83644
83646
83649
83651
83653
83656
83658
83661
83663
83665
83668
83670
83673
83675
83677
83680
83682
83685
83687
83689
83692
83694
83697
83699
83701
83704
83706
83709
83711
83713
83716
83718
83721
83723
83725
83728
83730
83733
83735
83737
83740
83742
83745
83747
83750
83752
83754
83757
83759
83762
83764
83766
83769
83771
83774
83776
83778
83781
83783
83786
83788
83790
83793
83795
83798
83800
83802
83805
83807
83810
83812
83814
83817
83819
83822
83824
83826
83829
83831
83834
83836
83838
83841
83843
83846
83848
83850
83853
83855
83858
83860
83862
83865
83867
83870
83872
83875
83877
83879
83882
83884
83887
83889
83891
83894
83896
83899
83901
83903
83906
83908
83911
83913
83915
83918
83920
83923
83925
83927
83930
83932
83935
83937
83939
83942
83944
83947
83949
83951
83954
83956
83959
83961
83963
83966
83968
83971
83973
83975
83978
83980
83983
83985
83987
83990
83992
83995
83997
84000
84002
84004
84007
84009
84012
84014
84016
84019
84021
84024
84026
84028
84031
84033
84036
84038
84040
84043
84045
84048
84050
84052
84055
84057
84060
84062
84064
84067
84069
84072
84074
84076
84079
84081
84084
84086
84088
84091
84093
84096
84098
84100
84103
84105
84108
84110
84112
84115
84117
84120
84122
84125
84127
84129
84132
84134
84137
84139
84141
84144
84146
84149
84151
84153
84156
84158
84161
84163
84165
84168
84170
84173
84175
84177
84180
84182
84185
84187
84189
84192
84194
84197
84199
84201
84204
84206
84209
84211
84213
84216
84218
84221
84223
84225
84228
84230
84233
84235
84237
84240
84242
84245
84247
84250
84252
84254
84257
84259
84262
84264
84266
84269
84271
84274
84276
84278
84281
84283
84286
84288
84290
84293
84295
84298
84300
84302
84305
84307
84310
84312
84314
84317
84319
84322
84324
84326
84329
84331
84334
84336
84338
84341
84343
84346
84348
84350
84353
84355
84358
84360
84362
84365
84367
84370
84372
84375
84377
84379
84382
84384
84387
84389
84391
84394
84396
84399
84401
84403
84406
84408
84411
84413
84415
84418
84420
84423
84425
84427
84430
84432
84435
84437
84439
84442
84444
84447
84449
84451
84454
84456
84459
84461
84463
84466
84468
84471
84473
84475
84478
84480
84483
84485
84487
84490
84492
84495
84497
84500
84502
84504
84507
84509
84512
84514
84516
84519
84521
84524
84526
84528
84531
84533
84536
84538
84540
84543
84545
84548
84550
84552
84555
84557
84560
84562
84564
84567
84569
84572
84574
84576
84579
84581
84584
84586
84588
84591
84593
84596
84598
84600
84603
84605
84608
84610
84612
84615
84617
84620
84622
84625
84627
84629
84632
84634
84637
84639
84641
84644
84646
84649
84651
84653
84656
84658
84661
84663
84665
84668
84670
84673
84675
84677
84680
84682
84685
84687
84689
84692
84694
84697
84699
84701
84704
84706
84709
84711
84713
84716
84718
84721
84723
84725
84728
84730
84733
84735
84737
84740
84742
84745
84747
84750
84752
84754
84757
84759
84762
84764
84766
84769
84771
84774
84776
84778
84781
84783
84786
84788
84790
84793
84795
84798
84800
84802
84805
84807
84810
84812
84814
84817
84819
84822
84824
84826
84829
84831
84834
84836
84838
84841
84843
84846
84848
84850
84853
84855
84858
84860
84862
84865
84867
84870
84872
84875
84877
84879
84882
84884
84887
84889
84891
84894
84896
84899
84901
84903
84906
84908
84911
84913
84915
84918
84920
84923
84925
84927
84930
84932
84935
84937
84939
84942
84944
84947
84949
84951
84954
84956
84959
84961
84963
84966
84968
84971
84973
84975
84978
84980
84983
84985
84987
84990
84992
84995
84997
85000
85002
85004
85007
85009
85012
85014
85016
85019
85021
85024
85026
85028
85031
85033
85036
85038
85040
85043
85045
85048
85050
85052
85055
85057
85060
85062
85064
85067
85069
85072
85074
85076
85079
85081
85084
85086
85088
85091
85093
85096
85098
85100
85103
85105
85108
85110
85112
85115
85117
85120
85122
85125
85127
85129
85132
85134
85137
85139
85141
85144
85146
85149
85151
85153
85156
85158
85161
85163
85165
85168
85170
85173
85175
85177
85180
85182
85185
85187
85189
85192
85194
85197
85199
85201
85204
85206
85209
85211
85213
85216
85218
85221
85223
85225
85228
85230
85233
85235
85237
85240
85242
85245
85247
85250
85252
85254
85257
85259
85262
85264
85266
85269
85271
85274
85276
85278
85281
85283
85286
85288
85290
85293
85295
85298
85300
85302
85305
85307
85310
85312
85314
85317
85319
85322
85324
85326
85329
85331
85334
85336
85338
85341
85343
85346
85348
85350
85353
85355
85358
85360
85362
85365
85367
85370
85372
85375
85377
85379
85382
85384
85387
85389
85391
85394
85396
85399
85401
85403
85406
85408
85411
85413
85415
85418
85420
85423
85425
85427
85430
85432
85435
85437
85439
85442
85444
85447
85449
85451
85454
85456
85459
85461
85463
85466
85468
85471
85473
85475
85478
85480
85483
85485
85487
85490
85492
85495
85497
85500
85502
85504
85507
85509
85512
85514
85516
85519
85521
85524
85526
85528
85531
85533
85536
85538
85540
85543
85545
85548
85550
85552
85555
85557
85560
85562
85564
85567
85569
85572
85574
85576
85579
85581
85584
85586
85588
85591
85593
85596
85598
85600
85603
85605
85608
85610
85612
85615
85617
85620
85622
85625
85627
85629
85632
85634
85637
85639
85641
85644
85646
85649
85651
85653
85656
85658
85661
85663
85665
85668
85670
85673
85675
85677
85680
85682
85685
85687
85689
85692
85694
85697
85699
85701
85704
85706
85709
85711
85713
85716
85718
85721
85723
85725
85728
85730
85733
85735
85737
85740
85742
85745
85747
85750
85752
85754
85757
85759
85762
85764
85766
85769
85771
85774
85776
85778
85781
85783
85786
85788
85790
85793
85795
85798
85800
85802
85805
85807
85810
85812
85814
85817
85819
85822
85824
85826
85829
85831
85834
85836
85838
85841
85843
85846
85848
85850
85853
85855
85858
85860
85862
85865
85867
85870
85872
85875
85877
85879
85882
85884
85887
85889
85891
85894
85896
85899
85901
85903
85906
85908
85911
85913
85915
85918
85920
85923
85925
85927
85930
85932
85935
85937
85939
85942
85944
85947
85949
85951
85954
85956
85959
85961
85963
85966
85968
85971
85973
85975
85978
85980
85983
85985
85987
85990
85992
85995
85997
86000
86002
86004
86007
86009
86012
86014
86016
86019
86021
86024
86026
86028
86031
86033
86036
86038
86040
86043
86045
86048
86050
86052
86055
86057
86060
86062
86064
86067
86069
86072
86074
86076
86079
86081
86084
86086
86088
86091
86093
86096
86098
86100
86103
86105
86108
86110
86112
86115
86117
86120
86122
86125
86127
86129
86132
86134
86137
86139
86141
86144
86146
86149
86151
86153
86156
86158
86161
86163
86165
86168
86170
86173
86175
86177
86180
86182
86185
86187
86189
86192
86194
86197
86199
86201
86204
86206
86209
86211
86213
86216
86218
86221
86223
86225
86228
86230
86233
86235
86237
86240
86242
86245
86247
86250
86252
86254
86257
86259
86262
86264
86266
86269
86271
86274
86276
86278
86281
86283
86286
86288
86290
86293
86295
86298
86300
86302
86305
86307
86310
86312
86314
86317
86319
86322
86324
86326
86329
86331
86334
86336
86338
86341
86343
86346
86348
86350
86353
86355
86358
86360
86362
86365
86367
86370
86372
86375
86377
86379
86382
86384
86387
86389
86391
86394
86396
86399
86401
86403
86406
86408
86411
86413
86415
86418
86420
86423
86425
86427
86430
86432
86435
86437
86439
86442
86444
86447
86449
86451
86454
86456
86459
86461
86463
86466
86468
86471
86473
86475
86478
86480
86483
86485
86487
86490
86492
86495
86497
86500
86502
86504
86507
86509
86512
86514
86516
86519
86521
86524
86526
86528
86531
86533
86536
86538
86540
86543
86545
86548
86550
86552
86555
86557
86560
86562
86564
86567
86569
86572
86574
86576
86579
86581
86584
86586
86588
86591
86593
86596
86598
86600
86603
86605
86608
86610
86612
86615
86617
86620
86622
86625
86627
86629
86632
86634
86637
86639
86641
86644
86646
86649
86651
86653
86656
86658
86661
86663
86665
86668
86670
86673
86675
86677
86680
86682
86685
86687
86689
86692
86694
86697
86699
86701
86704
86706
86709
86711
86713
86716
86718
86721
86723
86725
86728
86730
86733
86735
86737
86740
86742
86745
86747
86750
86752
86754
86757
86759
86762
86764
86766
86769
86771
86774
86776
86778
86781
86783
86786
86788
86790
86793
86795
86798
86800
86802
86805
86807
86810
86812
86814
86817
86819
86822
86824
86826
86829
86831
86834
86836
86838
86841
86843
86846
86848
86850
86853
86855
86858
86860
86862
86865
86867
86870
86872
86875
86877
86879
86882
86884
86887
86889
86891
86894
86896
86899
86901
86903
86906
86908
86911
86913
86915
86918
86920
86923
86925
86927
86930
86932
86935
86937
86939
86942
86944
86947
86949
86951
86954
86956
86959
86961
86963
86966
86968
86971
86973
86975
86978
86980
86983
86985
86987
86990
86992
86995
86997
87000
87002
87004
87007
87009
87012
87014
87016
87019
87021
87024
87026
87028
87031
87033
87036
87038
87040
87043
87045
87048
87050
87052
87055
87057
87060
87062
87064
87067
87069
87072
87074
87076
87079
87081
87084
87086
87088
87091
87093
87096
87098
87100
87103
87105
87108
87110
87112
87115
87117
87120
87122
87125
87127
87129
87132
87134
87137
87139
87141
87144
87146
87149
87151
87153
87156
87158
87161
87163
87165
87168
87170
87173
87175
87177
87180
87182
87185
87187
87189
87192
87194
87197
87199
87201
87204
87206
87209
87211
87213
87216
87218
87221
87223
87225
87228
87230
87233
87235
87237
87240
87242
87245
87247
87250
87252
87254
87257
87259
87262
87264
87266
87269
87271
87274
87276
87278
87281
87283
87286
87288
87290
87293
87295
87298
87300
87302
87305
87307
87310
87312
87314
87317
87319
87322
87324
87326
87329
87331
87334
87336
87338
87341
87343
87346
87348
87350
87353
87355
87358
87360
87362
87365
87367
87370
87372
87375
87377
87379
87382
87384
87387
87389
87391
87394
87396
87399
87401
87403
87406
87408
87411
87413
87415
87418
87420
87423
87425
87427
87430
87432
87435
87437
87439
87442
87444
87447
87449
87451
87454
87456
87459
87461
87463
87466
87468
87471
87473
87475
87478
87480
87483
87485
87487
87490
87492
87495
87497
87500
87502
87504
87507
87509
87512
87514
87516
87519
87521
87524
87526
87528
87531
87533
87536
87538
87540
87543
87545
87548
87550
87552
87555
87557
87560
87562
87564
87567
87569
87572
87574
87576
87579
87581
87584
87586
87588
87591
87593
87596
87598
87600
87603
87605
87608
87610
87612
87615
87617
87620
87622
87625
87627
87629
87632
87634
87637
87639
87641
87644
87646
87649
87651
87653
87656
87658
87661
87663
87665
87668
87670
87673
87675
87677
87680
87682
87685
87687
87689
87692
87694
87697
87699
87701
87704
87706
87709
87711
87713
87716
87718
87721
87723
87725
87728
87730
87733
87735
87737
87740
87742
87745
87747
87750
87752
87754
87757
87759
87762
87764
87766
87769
87771
87774
87776
87778
87781
87783
87786
87788
87790
87793
87795
87798
87800
87802
87805
87807
87810
87812
87814
87817
87819
87822
87824
87826
87829
87831
87834
87836
87838
87841
87843
87846
87848
87850
87853
87855
87858
87860
87862
87865
87867
87870
87872
87875
87877
87879
87882
87884
87887
87889
87891
87894
87896
87899
87901
87903
87906
87908
87911
87913
87915
87918
87920
87923
87925
87927
87930
87932
87935
87937
87939
87942
87944
87947
87949
87951
87954
87956
87959
87961
87963
87966
87968
87971
87973
87975
87978
87980
87983
87985
87987
87990
87992
87995
87997
88000
88002
88004
88007
88009
88012
88014
88016
88019
88021
88024
88026
88028
88031
88033
88036
88038
88040
88043
88045
88048
88050
88052
88055
88057
88060
88062
88064
88067
88069
88072
88074
88076
88079
88081
88084
88086
88088
88091
88093
88096
88098
88100
88103
88105
88108
88110
88112
88115
88117
88120
88122
88125
88127
88129
88132
88134
88137
88139
88141
88144
88146
88149
88151
88153
88156
88158
88161
88163
88165
88168
88170
88173
88175
88177
88180
88182
88185
88187
88189
88192
88194
88197
88199
88201
88204
88206
88209
88211
88213
88216
88218
88221
88223
88225
88228
88230
88233
88235
88237
88240
88242
88245
88247
88250
88252
88254
88257
88259
88262
88264
88266
88269
88271
88274
88276
88278
88281
88283
88286
88288
88290
88293
88295
88298
88300
88302
88305
88307
88310
88312
88314
88317
88319
88322
88324
88326
88329
88331
88334
88336
88338
88341
88343
88346
88348
88350
88353
88355
88358
88360
88362
88365
88367
88370
88372
88375
88377
88379
88382
88384
88387
88389
88391
88394
88396
88399
88401
88403
88406
88408
88411
88413
88415
88418
88420
88423
88425
88427
88430
88432
88435
88437
88439
88442
88444
88447
88449
88451
88454
88456
88459
88461
88463
88466
88468
88471
88473
88475
88478
88480
88483
88485
88487
88490
88492
88495
88497
88500
88502
88504
88507
88509
88512
88514
88516
88519
88521
88524
88526
88528
88531
88533
88536
88538
88540
88543
88545
88548
88550
88552
88555
88557
88560
88562
88564
88567
88569
88572
88574
88576
88579
88581
88584
88586
88588
88591
88593
88596
88598
88600
88603
88605
88608
88610
88612
88615
88617
88620
88622
88625
88627
88629
88632
88634
88637
88639
88641
88644
88646
88649
88651
88653
88656
88658
88661
88663
88665
88668
88670
88673
88675
88677
88680
88682
88685
88687
88689
88692
88694
88697
88699
88701
88704
88706
88709
88711
88713
88716
88718
88721
88723
88725
88728
88730
88733
88735
88737
88740
88742
88745
88747
88750
88752
88754
88757
88759
88762
88764
88766
88769
88771
88774
88776
88778
88781
88783
88786
88788
88790
88793
88795
88798
88800
88802
88805
88807
88810
88812
88814
88817
88819
88822
88824
88826
88829
88831
88834
88836
88838
88841
88843
88846
88848
88850
88853
88855
88858
88860
88862
88865
88867
88870
88872
88875
88877
88879
88882
88884
88887
88889
88891
88894
88896
88899
88901
88903
88906
88908
88911
88913
88915
88918
88920
88923
88925
88927
88930
88932
88935
88937
88939
88942
88944
88947
88949
88951
88954
88956
88959
88961
88963
88966
88968
88971
88973
88975
88978
88980
88983
88985
88987
88990
88992
88995
88997
89000
89002
89004
89007
89009
89012
89014
89016
89019
89021
89024
89026
89028
89031
89033
89036
89038
89040
89043
89045
89048
89050
89052
89055
89057
89060
89062
89064
89067
89069
89072
89074
89076
89079
89081
89084
89086
89088
89091
89093
89096
89098
89100
89103
89105
89108
89110
89112
89115
89117
89120
89122
89125
89127
89129
89132
89134
89137
89139
89141
89144
89146
89149
89151
89153
89156
89158
89161
89163
89165
89168
89170
89173
89175
89177
89180
89182
89185
89187
89189
89192
89194
89197
89199
89201
89204
89206
89209
89211
89213
89216
89218
89221
89223
89225
89228
89230
89233
89235
89237
89240
89242
89245
89247
89250
89252
89254
89257
89259
89262
89264
89266
89269
89271
89274
89276
89278
89281
89283
89286
89288
89290
89293
89295
89298
89300
89302
89305
89307
89310
89312
89314
89317
89319
89322
89324
89326
89329
89331
89334
89336
89338
89341
89343
89346
89348
89350
89353
89355
89358
89360
89362
89365
89367
89370
89372
89375
89377
89379
89382
89384
89387
89389
89391
89394
89396
89399
89401
89403
89406
89408
89411
89413
89415
89418
89420
89423
89425
89427
89430
89432
89435
89437
89439
89442
89444
89447
89449
89451
89454
89456
89459
89461
89463
89466
89468
89471
89473
89475
89478
89480
89483
89485
89487
89490
89492
89495
89497
89500
89502
89504
89507
89509
89512
89514
89516
89519
89521
89524
89526
89528
89531
89533
89536
89538
89540
89543
89545
89548
89550
89552
89555
89557
89560
89562
89564
89567
89569
89572
89574
89576
89579
89581
89584
89586
89588
89591
89593
89596
89598
89600
89603
89605
89608
89610
89612
89615
89617
89620
89622
89625
89627
89629
89632
89634
89637
89639
89641
89644
89646
89649
89651
89653
89656
89658
89661
89663
89665
89668
89670
89673
89675
89677
89680
89682
89685
89687
89689
89692
89694
89697
89699
89701
89704
89706
89709
89711
89713
89716
89718
89721
89723
89725
89728
89730
89733
89735
89737
89740
89742
89745
89747
89750
89752
89754
89757
89759
89762
89764
89766
89769
89771
89774
89776
89778
89781
89783
89786
89788
89790
89793
89795
89798
89800
89802
89805
89807
89810
89812
89814
89817
89819
89822
89824
89826
89829
89831
89834
89836
89838
89841
89843
89846
89848
89850
89853
89855
89858
89860
89862
89865
89867
89870
89872
89875
89877
89879
89882
89884
89887
89889
89891
89894
89896
89899
89901
89903
89906
89908
89911
89913
89915
89918
89920
89923
89925
89927
89930
89932
89935
89937
89939
89942
89944
89947
89949
89951
89954
89956
89959
89961
89963
89966
89968
89971
89973
89975
89978
89980
89983
89985
89987
89990
89992
89995
89997
90000
90002
90004
90007
90009
90012
90014
90016
90019
90021
90024
90026
90028
90031
90033
90036
90038
90040
90043
90045
90048
90050
90052
90055
90057
90060
90062
90064
90067
90069
90072
90074
90076
90079
90081
90084
90086
90088
90091
90093
90096
90098
90100
90103
90105
90108
90110
90112
90115
90117
90120
90122
90125
90127
90129
90132
90134
90137
90139
90141
90144
90146
90149
90151
90153
90156
90158
90161
90163
90165
90168
90170
90173
90175
90177
90180
90182
90185
90187
90189
90192
90194
90197
90199
90201
90204
90206
90209
90211
90213
90216
90218
90221
90223
90225
90228
90230
90233
90235
90237
90240
90242
90245
90247
90250
90252
90254
90257
90259
90262
90264
90266
90269
90271
90274
90276
90278
90281
90283
90286
90288
90290
90293
90295
90298
90300
90302
90305
90307
90310
90312
90314
90317
90319
90322
90324
90326
90329
90331
90334
90336
90338
90341
90343
90346
90348
90350
90353
90355
90358
90360
90362
90365
90367
90370
90372
90375
90377
90379
90382
90384
90387
90389
90391
90394
90396
90399
90401
90403
90406
90408
90411
90413
90415
90418
90420
90423
90425
90427
90430
90432
90435
90437
90439
90442
90444
90447
90449
90451
90454
90456
90459
90461
90463
90466
90468
90471
90473
90475
90478
90480
90483
90485
90487
90490
90492
90495
90497
90500
90502
90504
90507
90509
90512
90514
90516
90519
90521
90524
90526
90528
90531
90533
90536
90538
90540
90543
90545
90548
90550
90552
90555
90557
90560
90562
90564
90567
90569
90572
90574
90576
90579
90581
90584
90586
90588
90591
90593
90596
90598
90600
90603
90605
90608
90610
90612
90615
90617
90620
90622
90625
90627
90629
90632
90634
90637
90639
90641
90644
90646
90649
90651
90653
90656
90658
90661
90663
90665
90668
90670
90673
90675
90677
90680
90682
90685
90687
90689
90692
90694
90697
90699
90701
90704
90706
90709
90711
90713
90716
90718
90721
90723
90725
90728
90730
90733
90735
90737
90740
90742
90745
90747
90750
90752
90754
90757
90759
90762
90764
90766
90769
90771
90774
90776
90778
90781
90783
90786
90788
90790
90793
90795
90798
90800
90802
90805
90807
90810
90812
90814
90817
90819
90822
90824
90826
90829
90831
90834
90836
90838
90841
90843
90846
90848
90850
90853
90855
90858
90860
90862
90865
90867
90870
90872
90875
90877
90879
90882
90884
90887
90889
90891
90894
90896
90899
90901
90903
90906
90908
90911
90913
90915
90918
90920
90923
90925
90927
90930
90932
90935
90937
90939
90942
90944
90947
90949
90951
90954
90956
90959
90961
90963
90966
90968
90971
90973
90975
90978
90980
90983
90985
90987
90990
90992
90995
90997
91000
91002
91004
91007
91009
91012
91014
91016
91019
91021
91024
91026
91028
91031
91033
91036
91038
91040
91043
91045
91048
91050
91052
91055
91057
91060
91062
91064
91067
91069
91072
91074
91076
91079
91081
91084
91086
91088
91091
91093
91096
91098
91100
91103
91105
91108
91110
91112
91115
91117
91120
91122
91125
91127
91129
91132
91134
91137
91139
91141
91144
91146
91149
91151
91153
91156
91158
91161
91163
91165
91168
91170
91173
91175
91177
91180
91182
91185
91187
91189
91192
91194
91197
91199
91201
91204
91206
91209
91211
91213
91216
91218
91221
91223
91225
91228
91230
91233
91235
91237
91240
91242
91245
91247
91250
91252
91254
91257
91259
91262
91264
91266
91269
91271
91274
91276
91278
91281
91283
91286
91288
91290
91293
91295
91298
91300
91302
91305
91307
91310
91312
91314
91317
91319
91322
91324
91326
91329
91331
91334
91336
91338
91341
91343
91346
91348
91350
91353
91355
91358
91360
91362
91365
91367
91370
91372
91375
91377
91379
91382
91384
91387
91389
91391
91394
91396
91399
91401
91403
91406
91408
91411
91413
91415
91418
91420
91423
91425
91427
91430
91432
91435
91437
91439
91442
91444
91447
91449
91451
91454
91456
91459
91461
91463
91466
91468
91471
91473
91475
91478
91480
91483
91485
91487
91490
91492
91495
91497
91500
91502
91504
91507
91509
91512
91514
91516
91519
91521
91524
91526
91528
91531
91533
91536
91538
91540
91543
91545
91548
91550
91552
91555
91557
91560
91562
91564
91567
91569
91572
91574
91576
91579
91581
91584
91586
91588
91591
91593
91596
91598
91600
91603
91605
91608
91610
91612
91615
91617
91620
91622
91625
91627
91629
91632
91634
91637
91639
91641
91644
91646
91649
91651
91653
91656
91658
91661
91663
91665
91668
91670
91673
91675
91677
91680
91682
91685
91687
91689
91692
91694
91697
91699
91701
91704
91706
91709
91711
91713
91716
91718
91721
91723
91725
91728
91730
91733
91735
91737
91740
91742
91745
91747
91750
91752
91754
91757
91759
91762
91764
91766
91769
91771
91774
91776
91778
91781
91783
91786
91788
91790
91793
91795
91798
91800
91802
91805
91807
91810
91812
91814
91817
91819
91822
91824
91826
91829
91831
91834
91836
91838
91841
91843
91846
91848
91850
91853
91855
91858
91860
91862
91865
91867
91870
91872
91875
91877
91879
91882
91884
91887
91889
91891
91894
91896
91899
91901
91903
91906
91908
91911
91913
91915
91918
91920
91923
91925
91927
91930
91932
91935
91937
91939
91942
91944
91947
91949
91951
91954
91956
91959
91961
91963
91966
91968
91971
91973
91975
91978
91980
91983
91985
91987
91990
91992
91995
91997
92000
92002
92004
92007
92009
92012
92014
92016
92019
92021
92024
92026
92028
92031
92033
92036
92038
92040
92043
92045
92048
92050
92052
92055
92057
92060
92062
92064
92067
92069
92072
92074
92076
92079
92081
92084
92086
92088
92091
92093
92096
92098
92100
92103
92105
92108
92110
92112
92115
92117
92120
92122
92125
92127
92129
92132
92134
92137
92139
92141
92144
92146
92149
92151
92153
92156
92158
92161
92163
92165
92168
92170
92173
92175
92177
92180
92182
92185
92187
92189
92192
92194
92197
92199
92201
92204
92206
92209
92211
92213
92216
92218
92221
92223
92225
92228
92230
92233
92235
92237
92240
92242
92245
92247
92250
92252
92254
92257
92259
92262
92264
92266
92269
92271
92274
92276
92278
92281
92283
92286
92288
92290
92293
92295
92298
92300
92302
92305
92307
92310
92312
92314
92317
92319
92322
92324
92326
92329
92331
92334
92336
92338
92341
92343
92346
92348
92350
92353
92355
92358
92360
92362
92365
92367
92370
92372
92375
92377
92379
92382
92384
92387
92389
92391
92394
92396
92399
92401
92403
92406
92408
92411
92413
92415
92418
92420
92423
92425
92427
92430
92432
92435
92437
92439
92442
92444
92447
92449
92451
92454
92456
92459
92461
92463
92466
92468
92471
92473
92475
92478
92480
92483
92485
92487
92490
92492
92495
92497
92500
92502
92504
92507
92509
92512
92514
92516
92519
92521
92524
92526
92528
92531
92533
92536
92538
92540
92543
92545
92548
92550
92552
92555
92557
92560
92562
92564
92567
92569
92572
92574
92576
92579
92581
92584
92586
92588
92591
92593
92596
92598
92600
92603
92605
92608
92610
92612
92615
92617
92620
92622
92625
92627
92629
92632
92634
92637
92639
92641
92644
92646
92649
92651
92653
92656
92658
92661
92663
92665
92668
92670
92673
92675
92677
92680
92682
92685
92687
92689
92692
92694
92697
92699
92701
92704
92706
92709
92711
92713
92716
92718
92721
92723
92725
92728
92730
92733
92735
92737
92740
92742
92745
92747
92750
92752
92754
92757
92759
92762
92764
92766
92769
92771
92774
92776
92778
92781
92783
92786
92788
92790
92793
92795
92798
92800
92802
92805
92807
92810
92812
92814
92817
92819
92822
92824
92826
92829
92831
92834
92836
92838
92841
92843
92846
92848
92850
92853
92855
92858
92860
92862
92865
92867
92870
92872
92875
92877
92879
92882
92884
92887
92889
92891
92894
92896
92899
92901
92903
92906
92908
92911
92913
92915
92918
92920
92923
92925
92927
92930
92932
92935
92937
92939
92942
92944
92947
92949
92951
92954
92956
92959
92961
92963
92966
92968
92971
92973
92975
92978
92980
92983
92985
92987
92990
92992
92995
92997
93000
93002
93004
93007
93009
93012
93014
93016
93019
93021
93024
93026
93028
93031
93033
93036
93038
93040
93043
93045
93048
93050
93052
93055
93057
93060
93062
93064
93067
93069
93072
93074
93076
93079
93081
93084
93086
93088
93091
93093
93096
93098
93100
93103
93105
93108
93110
93112
93115
93117
93120
93122
93125
93127
93129
93132
93134
93137
93139
93141
93144
93146
93149
93151
93153
93156
93158
93161
93163
93165
93168
93170
93173
93175
93177
93180
93182
93185
93187
93189
93192
93194
93197
93199
93201
93204
93206
93209
93211
93213
93216
93218
93221
93223
93225
93228
93230
93233
93235
93237
93240
93242
93245
93247
93250
93252
93254
93257
93259
93262
93264
93266
93269
93271
93274
93276
93278
93281
93283
93286
93288
93290
93293
93295
93298
93300
93302
93305
93307
93310
93312
93314
93317
93319
93322
93324
93326
93329
93331
93334
93336
93338
93341
93343
93346
93348
93350
93353
93355
93358
93360
93362
93365
93367
93370
93372
93375
93377
93379
93382
93384
93387
93389
93391
93394
93396
93399
93401
93403
93406
93408
93411
93413
93415
93418
93420
93423
93425
93427
93430
93432
93435
93437
93439
93442
93444
93447
93449
93451
93454
93456
93459
93461
93463
93466
93468
93471
93473
93475
93478
93480
93483
93485
93487
93490
93492
93495
93497
93500
93502
93504
93507
93509
93512
93514
93516
93519
93521
93524
93526
93528
93531
93533
93536
93538
93540
93543
93545
93548
93550
93552
93555
93557
93560
93562
93564
93567
93569
93572
93574
93576
93579
93581
93584
93586
93588
93591
93593
93596
93598
93600
93603
93605
93608
93610
93612
93615
93617
93620
93622
93625
93627
93629
93632
93634
93637
93639
93641
93644
93646
93649
93651
93653
93656
93658
93661
93663
93665
93668
93670
93673
93675
93677
93680
93682
93685
93687
93689
93692
93694
93697
93699
93701
93704
93706
93709
93711
93713
93716
93718
93721
93723
93725
93728
93730
93733
93735
93737
93740
93742
93745
93747
93750
93752
93754
93757
93759
93762
93764
93766
93769
93771
93774
93776
93778
93781
93783
93786
93788
93790
93793
93795
93798
93800
93802
93805
93807
93810
93812
93814
93817
93819
93822
93824
93826
93829
93831
93834
93836
93838
93841
93843
93846
93848
93850
93853
93855
93858
93860
93862
93865
93867
93870
93872
93875
93877
93879
93882
93884
93887
93889
93891
93894
93896
93899
93901
93903
93906
93908
93911
93913
93915
93918
93920
93923
93925
93927
93930
93932
93935
93937
93939
93942
93944
93947
93949
93951
93954
93956
93959
93961
93963
93966
93968
93971
93973
93975
93978
93980
93983
93985
93987
93990
93992
93995
93997
94000
94002
94004
94007
94009
94012
94014
94016
94019
94021
94024
94026
94028
94031
94033
94036
94038
94040
94043
94045
94048
94050
94052
94055
94057
94060
94062
94064
94067
94069
94072
94074
94076
94079
94081
94084
94086
94088
94091
94093
94096
94098
94100
94103
94105
94108
94110
94112
94115
94117
94120
94122
94125
94127
94129
94132
94134
94137
94139
94141
94144
94146
94149
94151
94153
94156
94158
94161
94163
94165
94168
94170
94173
94175
94177
94180
94182
94185
94187
94189
94192
94194
94197
94199
94201
94204
94206
94209
94211
94213
94216
94218
94221
94223
94225
94228
94230
94233
94235
94237
94240
94242
94245
94247
94250
94252
94254
94257
94259
94262
94264
94266
94269
94271
94274
94276
94278
94281
94283
94286
94288
94290
94293
94295
94298
94300
94302
94305
94307
94310
94312
94314
94317
94319
94322
94324
94326
94329
94331
94334
94336
94338
94341
94343
94346
94348
94350
94353
94355
94358
94360
94362
94365
94367
94370
94372
94375
94377
94379
94382
94384
94387
94389
94391
94394
94396
94399
94401
94403
94406
94408
94411
94413
94415
94418
94420
94423
94425
94427
94430
94432
94435
94437
94439
94442
94444
94447
94449
94451
94454
94456
94459
94461
94463
94466
94468
94471
94473
94475
94478
94480
94483
94485
94487
94490
94492
94495
94497
94500
94502
94504
94507
94509
94512
94514
94516
94519
94521
94524
94526
94528
94531
94533
94536
94538
94540
94543
94545
94548
94550
94552
94555
94557
94560
94562
94564
94567
94569
94572
94574
94576
94579
94581
94584
94586
94588
94591
94593
94596
94598
94600
94603
94605
94608
94610
94612
94615
94617
94620
94622
94625
94627
94629
94632
94634
94637
94639
94641
94644
94646
94649
94651
94653
94656
94658
94661
94663
94665
94668
94670
94673
94675
94677
94680
94682
94685
94687
94689
94692
94694
94697
94699
94701
94704
94706
94709
94711
94713
94716
94718
94721
94723
94725
94728
94730
94733
94735
94737
94740
94742
94745
94747
94750
94752
94754
94757
94759
94762
94764
94766
94769
94771
94774
94776
94778
94781
94783
94786
94788
94790
94793
94795
94798
94800
94802
94805
94807
94810
94812
94814
94817
94819
94822
94824
94826
94829
94831
94834
94836
94838
94841
94843
94846
94848
94850
94853
94855
94858
94860
94862
94865
94867
94870
94872
94875
94877
94879
94882
94884
94887
94889
94891
94894
94896
94899
94901
94903
94906
94908
94911
94913
94915
94918
94920
94923
94925
94927
94930
94932
94935
94937
94939
94942
94944
94947
94949
94951
94954
94956
94959
94961
94963
94966
94968
94971
94973
94975
94978
94980
94983
94985
94987
94990
94992
94995
94997
95000
95002
95004
95007
95009
95012
95014
95016
95019
95021
95024
95026
95028
95031
95033
95036
95038
95040
95043
95045
95048
95050
95052
95055
95057
95060
95062
95064
95067
95069
95072
95074
95076
95079
95081
95084
95086
95088
95091
95093
95096
95098
95100
95103
95105
95108
95110
95112
95115
95117
95120
95122
95125
95127
95129
95132
95134
95137
95139
95141
95144
95146
95149
95151
95153
95156
95158
95161
95163
95165
95168
95170
95173
95175
95177
95180
95182
95185
95187
95189
95192
95194
95197
95199
95201
95204
95206
95209
95211
95213
95216
95218
95221
95223
95225
95228
95230
95233
95235
95237
95240
95242
95245
95247
95250
95252
95254
95257
95259
95262
95264
95266
95269
95271
95274
95276
95278
95281
95283
95286
95288
95290
95293
95295
95298
95300
95302
95305
95307
95310
95312
95314
95317
95319
95322
95324
95326
95329
95331
95334
95336
95338
95341
95343
95346
95348
95350
95353
95355
95358
95360
95362
95365
95367
95370
95372
95375
95377
95379
95382
95384
95387
95389
95391
95394
95396
95399
95401
95403
95406
95408
95411
95413
95415
95418
95420
95423
95425
95427
95430
95432
95435
95437
95439
95442
95444
95447
95449
95451
95454
95456
95459
95461
95463
95466
95468
95471
95473
95475
95478
95480
95483
95485
95487
95490
95492
95495
95497
95500
95502
95504
95507
95509
95512
95514
95516
95519
95521
95524
95526
95528
95531
95533
95536
95538
95540
95543
95545
95548
95550
95552
95555
95557
95560
95562
95564
95567
95569
95572
95574
95576
95579
95581
95584
95586
95588
95591
95593
95596
95598
95600
95603
95605
95608
95610
95612
95615
95617
95620
95622
95625
95627
95629
95632
95634
95637
95639
95641
95644
95646
95649
95651
95653
95656
95658
95661
95663
95665
95668
95670
95673
95675
95677
95680
95682
95685
95687
95689
95692
95694
95697
95699
95701
95704
95706
95709
95711
95713
95716
95718
95721
95723
95725
95728
95730
95733
95735
95737
95740
95742
95745
95747
95750
95752
95754
95757
95759
95762
95764
95766
95769
95771
95774
95776
95778
95781
95783
95786
95788
95790
95793
95795
95798
95800
95802
95805
95807
95810
95812
95814
95817
95819
95822
95824
95826
95829
95831
95834
95836
95838
95841
95843
95846
95848
95850
95853
95855
95858
95860
95862
95865
95867
95870
95872
95875
95877
95879
95882
95884
95887
95889
95891
95894
95896
95899
95901
95903
95906
95908
95911
95913
95915
95918
95920
95923
95925
95927
95930
95932
95935
95937
95939
95942
95944
95947
95949
95951
95954
95956
95959
95961
95963
95966
95968
95971
95973
95975
95978
95980
95983
95985
95987
95990
95992
95995
95997
96000
96002
96004
96007
96009
96012
96014
96016
96019
96021
96024
96026
96028
96031
96033
96036
96038
96040
96043
96045
96048
96050
96052
96055
96057
96060
96062
96064
96067
96069
96072
96074
96076
96079
96081
96084
96086
96088
96091
96093
96096
96098
96100
96103
96105
96108
96110
96112
96115
96117
96120
96122
96125
96127
96129
96132
96134
96137
96139
96141
96144
96146
96149
96151
96153
96156
96158
96161
96163
96165
96168
96170
96173
96175
96177
96180
96182
96185
96187
96189
96192
96194
96197
96199
96201
96204
96206
96209
96211
96213
96216
96218
96221
96223
96225
96228
96230
96233
96235
96237
96240
96242
96245
96247
96250
96252
96254
96257
96259
96262
96264
96266
96269
96271
96274
96276
96278
96281
96283
96286
96288
96290
96293
96295
96298
96300
96302
96305
96307
96310
96312
96314
96317
96319
96322
96324
96326
96329
96331
96334
96336
96338
96341
96343
96346
96348
96350
96353
96355
96358
96360
96362
96365
96367
96370
96372
96375
96377
96379
96382
96384
96387
96389
96391
96394
96396
96399
96401
96403
96406
96408
96411
96413
96415
96418
96420
96423
96425
96427
96430
96432
96435
96437
96439
96442
96444
96447
96449
96451
96454
96456
96459
96461
96463
96466
96468
96471
96473
96475
96478
96480
96483
96485
96487
96490
96492
96495
96497
96500
96502
96504
96507
96509
96512
96514
96516
96519
96521
96524
96526
96528
96531
96533
96536
96538
96540
96543
96545
96548
96550
96552
96555
96557
96560
96562
96564
96567
96569
96572
96574
96576
96579
96581
96584
96586
96588
96591
96593
96596
96598
96600
96603
96605
96608
96610
96612
96615
96617
96620
96622
96625
96627
96629
96632
96634
96637
96639
96641
96644
96646
96649
96651
96653
96656
96658
96661
96663
96665
96668
96670
96673
96675
96677
96680
96682
96685
96687
96689
96692
96694
96697
96699
96701
96704
96706
96709
96711
96713
96716
96718
96721
96723
96725
96728
96730
96733
96735
96737
96740
96742
96745
96747
96750
96752
96754
96757
96759
96762
96764
96766
96769
96771
96774
96776
96778
96781
96783
96786
96788
96790
96793
96795
96798
96800
96802
96805
96807
96810
96812
96814
96817
96819
96822
96824
96826
96829
96831
96834
96836
96838
96841
96843
96846
96848
96850
96853
96855
96858
96860
96862
96865
96867
96870
96872
96875
96877
96879
96882
96884
96887
96889
96891
96894
96896
96899
96901
96903
96906
96908
96911
96913
96915
96918
96920
96923
96925
96927
96930
96932
96935
96937
96939
96942
96944
96947
96949
96951
96954
96956
96959
96961
96963
96966
96968
96971
96973
96975
96978
96980
96983
96985
96987
96990
96992
96995
96997
97000
97002
97004
97007
97009
97012
97014
97016
97019
97021
97024
97026
97028
97031
97033
97036
97038
97040
97043
97045
97048
97050
97052
97055
97057
97060
97062
97064
97067
97069
97072
97074
97076
97079
97081
97084
97086
97088
97091
97093
97096
97098
97100
97103
97105
97108
97110
97112
97115
97117
97120
97122
97125
97127
97129
97132
97134
97137
97139
97141
97144
97146
97149
97151
97153
97156
97158
97161
97163
97165
97168
97170
97173
97175
97177
97180
97182
97185
97187
97189
97192
97194
97197
97199
97201
97204
97206
97209
97211
97213
97216
97218
97221
97223
97225
97228
97230
97233
97235
97237
97240
97242
97245
97247
97250
97252
97254
97257
97259
97262
97264
97266
97269
97271
97274
97276
97278
97281
97283
97286
97288
97290
97293
97295
97298
97300
97302
97305
97307
97310
97312
97314
97317
97319
97322
97324
97326
97329
97331
97334
97336
97338
97341
97343
97346
97348
97350
97353
97355
97358
97360
97362
97365
97367
97370
97372
97375
97377
97379
97382
97384
97387
97389
97391
97394
97396
97399
97401
97403
97406
97408
97411
97413
97415
97418
97420
97423
97425
97427
97430
97432
97435
97437
97439
97442
97444
97447
97449
97451
97454
97456
97459
97461
97463
97466
97468
97471
97473
97475
97478
97480
97483
97485
97487
97490
97492
97495
97497
97500
97502
97504
97507
97509
97512
97514
97516
97519
97521
97524
97526
97528
97531
97533
97536
97538
97540
97543
97545
97548
97550
97552
97555
97557
97560
97562
97564
97567
97569
97572
97574
97576
97579
97581
97584
97586
97588
97591
97593
97596
97598
97600
97603
97605
97608
97610
97612
97615
97617
97620
97622
97625
97627
97629
97632
97634
97637
97639
97641
97644
97646
97649
97651
97653
97656
97658
97661
97663
97665
97668
97670
97673
97675
97677
97680
97682
97685
97687
97689
97692
97694
97697
97699
97701
97704
97706
97709
97711
97713
97716
97718
97721
97723
97725
97728
97730
97733
97735
97737
97740
97742
97745
97747
97750
97752
97754
97757
97759
97762
97764
97766
97769
97771
97774
97776
97778
97781
97783
97786
97788
97790
97793
97795
97798
97800
97802
97805
97807
97810
97812
97814
97817
97819
97822
97824
97826
97829
97831
97834
97836
97838
97841
97843
97846
97848
97850
97853
97855
97858
97860
97862
97865
97867
97870
97872
97875
97877
97879
97882
97884
97887
97889
97891
97894
97896
97899
97901
97903
97906
97908
97911
97913
97915
97918
97920
97923
97925
97927
97930
97932
97935
97937
97939
97942
97944
97947
97949
97951
97954
97956
97959
97961
97963
97966
97968
97971
97973
97975
97978
97980
97983
97985
97987
97990
97992
97995
97997
98000
98002
98004
98007
98009
98012
98014
98016
98019
98021
98024
98026
98028
98031
98033
98036
98038
98040
98043
98045
98048
98050
98052
98055
98057
98060
98062
98064
98067
98069
98072
98074
98076
98079
98081
98084
98086
98088
98091
98093
98096
98098
98100
98103
98105
98108
98110
98112
98115
98117
98120
98122
98125
98127
98129
98132
98134
98137
98139
98141
98144
98146
98149
98151
98153
98156
98158
98161
98163
98165
98168
98170
98173
98175
98177
98180
98182
98185
98187
98189
98192
98194
98197
98199
98201
98204
98206
98209
98211
98213
98216
98218
98221
98223
98225
98228
98230
98233
98235
98237
98240
98242
98245
98247
98250
98252
98254
98257
98259
98262
98264
98266
98269
98271
98274
98276
98278
98281
98283
98286
98288
98290
98293
98295
98298
98300
98302
98305
98307
98310
98312
98314
98317
98319
98322
98324
98326
98329
98331
98334
98336
98338
98341
98343
98346
98348
98350
98353
98355
98358
98360
98362
98365
98367
98370
98372
98375
98377
98379
98382
98384
98387
98389
98391
98394
98396
98399
98401
98403
98406
98408
98411
98413
98415
98418
98420
98423
98425
98427
98430
98432
98435
98437
98439
98442
98444
98447
98449
98451
98454
98456
98459
98461
98463
98466
98468
98471
98473
98475
98478
98480
98483
98485
98487
98490
98492
98495
98497
98500
98502
98504
98507
98509
98512
98514
98516
98519
98521
98524
98526
98528
98531
98533
98536
98538
98540
98543
98545
98548
98550
98552
98555
98557
98560
98562
98564
98567
98569
98572
98574
98576
98579
98581
98584
98586
98588
98591
98593
98596
98598
98600
98603
98605
98608
98610
98612
98615
98617
98620
98622
98625
98627
98629
98632
98634
98637
98639
98641
98644
98646
98649
98651
98653
98656
98658
98661
98663
98665
98668
98670
98673
98675
98677
98680
98682
98685
98687
98689
98692
98694
98697
98699
98701
98704
98706
98709
98711
98713
98716
98718
98721
98723
98725
98728
98730
98733
98735
98737
98740
98742
98745
98747
98750
98752
98754
98757
98759
98762
98764
98766
98769
98771
98774
98776
98778
98781
98783
98786
98788
98790
98793
98795
98798
98800
98802
98805
98807
98810
98812
98814
98817
98819
98822
98824
98826
98829
98831
98834
98836
98838
98841
98843
98846
98848
98850
98853
98855
98858
98860
98862
98865
98867
98870
98872
98875
98877
98879
98882
98884
98887
98889
98891
98894
98896
98899
98901
98903
98906
98908
98911
98913
98915
98918
98920
98923
98925
98927
98930
98932
98935
98937
98939
98942
98944
98947
98949
98951
98954
98956
98959
98961
98963
98966
98968
98971
98973
98975
98978
98980
98983
98985
98987
98990
98992
98995
98997
99000
99002
99004
99007
99009
99012
99014
99016
99019
99021
99024
99026
99028
99031
99033
99036
99038
99040
99043
99045
99048
99050
99052
99055
99057
99060
99062
99064
99067
99069
99072
99074
99076
99079
99081
99084
99086
99088
99091
99093
99096
99098
99100
99103
99105
99108
99110
99112
99115
99117
99120
99122
99125
99127
99129
99132
99134
99137
99139
99141
99144
99146
99149
99151
99153
99156
99158
99161
99163
99165
99168
99170
99173
99175
99177
99180
99182
99185
99187
99189
99192
99194
99197
99199
99201
99204
99206
99209
99211
99213
99216
99218
99221
99223
99225
99228
99230
99233
99235
99237
99240
99242
99245
99247
99250
99252
99254
99257
99259
99262
99264
99266
99269
99271
99274
99276
99278
99281
99283
99286
99288
99290
99293
99295
99298
99300
99302
99305
99307
99310
99312
99314
99317
99319
99322
99324
99326
99329
99331
99334
99336
99338
99341
99343
99346
99348
99350
99353
99355
99358
99360
99362
99365
99367
99370
99372
99375
99377
99379
99382
99384
99387
99389
99391
99394
99396
99399
99401
99403
99406
99408
99411
99413
99415
99418
99420
99423
99425
99427
99430
99432
99435
99437
99439
99442
99444
99447
99449
99451
99454
99456
99459
99461
99463
99466
99468
99471
99473
99475
99478
99480
99483
99485
99487
99490
99492
99495
99497
99500
99502
99504
99507
99509
99512
99514
99516
99519
99521
99524
99526
99528
99531
99533
99536
99538
99540
99543
99545
99548
99550
99552
99555
99557
99560
99562
99564
99567
99569
99572
99574
99576
99579
99581
99584
99586
99588
99591
99593
99596
99598
99600
99603
99605
99608
99610
99612
99615
99617
99620
99622
99625
99627
99629
99632
99634
99637
99639
99641
99644
99646
99649
99651
99653
99656
99658
99661
99663
99665
99668
99670
99673
99675
99677
99680
99682
99685
99687
99689
99692
99694
99697
99699
99701
99704
99706
99709
99711
99713
99716
99718
99721
99723
99725
99728
99730
99733
99735
99737
99740
99742
99745
99747
99750
99752
99754
99757
99759
99762
99764
99766
99769
99771
99774
99776
99778
99781
99783
99786
99788
99790
99793
99795
99798
99800
99802
99805
99807
99810
99812
99814
99817
99819
99822
99824
99826
99829
99831
99834
99836
99838
99841
99843
99846
99848
99850
99853
99855
99858
99860
99862
99865
99867
99870
99872
99875
99877
99879
99882
99884
99887
99889
99891
99894
99896
99899
99901
99903
99906
99908
99911
99913
99915
99918
99920
99923
99925
99927
99930
99932
99935
99937
99939
99942
99944
99947
99949
99951
99954
99956
99959
99961
99963
99966
99968
99971
99973
99975
99978
99980
99983
99985
99987
99990
99992
99995
99997
100000
100002
100004
100007
100009
100012
100014
100016
100019
100021
100024
100026
100028
100031
100033
100036
100038
100040
100043
100045
100048
100050
100052
100055
100057
100060
100062
100064
100067
100069
100072
100074
100076
100079
100081
100084
100086
100088
100091
100093
100096
100098
100100
100103
100105
100108
100110
100112
100115
100117
100120
100122
100125
100127
100129
100132
100134
100137
100139
100141
100144
100146
100149
100151
100153
100156
100158
100161
100163
100165
100168
100170
100173
100175
100177
100180
100182
100185
100187
100189
100192
100194
100197
100199
100201
100204
100206
100209
100211
100213
100216
100218
100221
100223
100225
100228
100230
100233
100235
100237
100240
100242
100245
100247
100250
100252
100254
100257
100259
100262
100264
100266
100269
100271
100274
100276
100278
100281
100283
100286
100288
100290
100293
100295
100298
100300
100302
100305
100307
100310
100312
100314
100317
100319
100322
100324
100326
100329
100331
100334
100336
100338
100341
100343
100346
100348
100350
100353
100355
100358
100360
100362
100365
100367
100370
100372
100375
100377
100379
100382
100384
100387
100389
100391
100394
100396
100399
100401
100403
100406
100408
100411
100413
100415
100418
100420
100423
100425
100427
100430
100432
100435
100437
100439
100442
100444
100447
100449
100451
100454
100456
100459
100461
100463
100466
100468
100471
100473
100475
100478
100480
100483
100485
100487
100490
100492
100495
100497
100500
100502
100504
100507
100509
100512
100514
100516
100519
100521
100524
100526
100528
100531
100533
100536
100538
100540
100543
100545
100548
100550
100552
100555
100557
100560
100562
100564
100567
100569
100572
100574
100576
100579
100581
100584
100586
100588
100591
100593
100596
100598
100600
100603
100605
100608
100610
100612
100615
100617
100620
100622
100625
100627
100629
100632
100634
100637
100639
100641
100644
100646
100649
100651
100653
100656
100658
100661
100663
100665
100668
100670
100673
100675
100677
100680
100682
100685
100687
100689
100692
100694
100697
100699
100701
100704
100706
100709
100711
100713
100716
100718
100721
100723
100725
100728
100730
100733
100735
100737
100740
100742
100745
100747
100750
100752
100754
100757
100759
100762
100764
100766
100769
100771
100774
100776
100778
100781
100783
100786
100788
100790
100793
100795
100798
100800
100802
100805
100807
100810
100812
100814
100817
100819
100822
100824
100826
100829
100831
100834
100836
100838
100841
100843
100846
100848
100850
100853
100855
100858
100860
100862
100865
100867
100870
100872
100875
100877
100879
100882
100884
100887
100889
100891
100894
100896
100899
100901
100903
100906
100908
100911
100913
100915
100918
100920
100923
100925
100927
100930
100932
100935
100937
100939
100942
100944
100947
100949
100951
100954
100956
100959
100961
100963
100966
100968
100971
100973
100975
100978
100980
100983
100985
100987
100990
100992
100995
100997
101000
101002
101004
101007
101009
101012
101014
101016
101019
101021
101024
101026
101028
101031
101033
101036
101038
101040
101043
101045
101048
101050
101052
101055
101057
101060
101062
101064
101067
101069
101072
101074
101076
101079
101081
101084
101086
101088
101091
101093
101096
101098
101100
101103
101105
101108
101110
101112
101115
101117
101120
101122
101125
101127
101129
101132
101134
101137
101139
101141
101144
101146
101149
101151
101153
101156
101158
101161
101163
101165
101168
101170
101173
101175
101177
101180
101182
101185
101187
101189
101192
101194
101197
101199
101201
101204
101206
101209
101211
101213
101216
101218
101221
101223
101225
101228
101230
101233
101235
101237
101240
101242
101245
101247
101250
101252
101254
101257
101259
101262
101264
101266
101269
101271
101274
101276
101278
101281
101283
101286
101288
101290
101293
101295
101298
101300
101302
101305
101307
101310
101312
101314
101317
101319
101322
101324
101326
101329
101331
101334
101336
101338
101341
101343
101346
101348
101350
101353
101355
101358
101360
101362
101365
101367
101370
101372
101375
101377
101379
101382
101384
101387
101389
101391
101394
101396
101399
101401
101403
101406
101408
101411
101413
101415
101418
101420
101423
101425
101427
101430
101432
101435
101437
101439
101442
101444
101447
101449
101451
101454
101456
101459
101461
101463
101466
101468
101471
101473
101475
101478
101480
101483
101485
101487
101490
101492
101495
101497
101500
101502
101504
101507
101509
101512
101514
101516
101519
101521
101524
101526
101528
101531
101533
101536
101538
101540
101543
101545
101548
101550
101552
101555
101557
101560
101562
101564
101567
101569
101572
101574
101576
101579
101581
101584
101586
101588
101591
101593
101596
101598
101600
101603
101605
101608
101610
101612
101615
101617
101620
101622
101625
101627
101629
101632
101634
101637
101639
101641
101644
101646
101649
101651
101653
101656
101658
101661
101663
101665
101668
101670
101673
101675
101677
101680
101682
101685
101687
101689
101692
101694
101697
101699
101701
101704
101706
101709
101711
101713
101716
101718
101721
101723
101725
101728
101730
101733
101735
101737
101740
101742
101745
101747
101750
101752
101754
101757
101759
101762
101764
101766
101769
101771
101774
101776
101778
101781
101783
101786
101788
101790
101793
101795
101798
101800
101802
101805
101807
101810
101812
101814
101817
101819
101822
101824
101826
101829
101831
101834
101836
101838
101841
101843
101846
101848
101850
101853
101855
101858
101860
101862
101865
101867
101870
101872
101875
101877
101879
101882
101884
101887
101889
101891
101894
101896
101899
101901
101903
101906
101908
101911
101913
101915
101918
101920
101923
101925
101927
101930
101932
101935
101937
101939
101942
101944
101947
101949
101951
101954
101956
101959
101961
101963
101966
101968
101971
101973
101975
101978
101980
101983
101985
101987
101990
101992
101995
101997
102000
102002
102004
102007
102009
102012
102014
102016
102019
102021
102024
102026
102028
102031
102033
102036
102038
102040
102043
102045
102048
102050
102052
102055
102057
102060
102062
102064
102067
102069
102072
102074
102076
102079
102081
102084
102086
102088
102091
102093
102096
102098
102100
102103
102105
102108
102110
102112
102115
102117
102120
102122
102125
102127
102129
102132
102134
102137
102139
102141
102144
102146
102149
102151
102153
102156
102158
102161
102163
102165
102168
102170
102173
102175
102177
102180
102182
102185
102187
102189
102192
102194
102197
102199
102201
102204
102206
102209
102211
102213
102216
102218
102221
102223
102225
102228
102230
102233
102235
102237
102240
102242
102245
102247
102250
102252
102254
102257
102259
102262
102264
102266
102269
102271
102274
102276
102278
102281
102283
102286
102288
102290
102293
102295
102298
102300
102302
102305
102307
102310
102312
102314
102317
102319
102322
102324
102326
102329
102331
102334
102336
102338
102341
102343
102346
102348
102350
102353
102355
102358
102360
102362
102365
102367
102370
102372
102375
102377
102379
102382
102384
102387
102389
102391
102394
102396
102399
102401
102403
102406
102408
102411
102413
102415
102418
102420
102423
102425
102427
102430
102432
102435
102437
102439
102442
102444
102447
102449
102451
102454
102456
102459
102461
102463
102466
102468
102471
102473
102475
102478
102480
102483
102485
102487
102490
102492
102495
102497
102500
102502
102504
102507
102509
102512
102514
102516
102519
102521
102524
102526
102528
102531
102533
102536
102538
102540
102543
102545
102548
102550
102552
102555
102557
102560
102562
102564
102567
102569
102572
102574
102576
102579
102581
102584
102586
102588
102591
102593
102596
102598
102600
102603
102605
102608
102610
102612
102615
102617
102620
102622
102625
102627
102629
102632
102634
102637
102639
102641
102644
102646
102649
102651
102653
102656
102658
102661
102663
102665
102668
102670
102673
102675
102677
102680
102682
102685
102687
102689
102692
102694
102697
102699
102701
102704
102706
102709
102711
102713
102716
102718
102721
102723
102725
102728
102730
102733
102735
102737
102740
102742
102745
102747
102750
102752
102754
102757
102759
102762
102764
102766
102769
102771
102774
102776
102778
102781
102783
102786
102788
102790
102793
102795
102798
102800
102802
102805
102807
102810
102812
102814
102817
102819
102822
102824
102826
102829
102831
102834
102836
102838
102841
102843
102846
102848
102850
102853
102855
102858
102860
102862
102865
102867
102870
102872
102875
102877
102879
102882
102884
102887
102889
102891
102894
102896
102899
102901
102903
102906
102908
102911
102913
102915
102918
102920
102923
102925
102927
102930
102932
102935
102937
102939
102942
102944
102947
102949
102951
102954
102956
102959
102961
102963
102966
102968
102971
102973
102975
102978
102980
102983
102985
102987
102990
102992
102995
102997
103000
103002
103004
103007
103009
103012
103014
103016
103019
103021
103024
103026
103028
103031
103033
103036
103038
103040
103043
103045
103048
103050
103052
103055
103057
103060
103062
103064
103067
103069
103072
103074
103076
103079
103081
103084
103086
103088
103091
103093
103096
103098
103100
103103
103105
103108
103110
103112
103115
103117
103120
103122
103125
103127
103129
103132
103134
103137
103139
103141
103144
103146
103149
103151
103153
103156
103158
103161
103163
103165
103168
103170
103173
103175
103177
103180
103182
103185
103187
103189
103192
103194
103197
103199
103201
103204
103206
103209
103211
103213
103216
103218
103221
103223
103225
103228
103230
103233
103235
103237
103240
103242
103245
103247
103250
103252
103254
103257
103259
103262
103264
103266
103269
103271
103274
103276
103278
103281
103283
103286
103288
103290
103293
103295
103298
103300
103302
103305
103307
103310
103312
103314
103317
103319
103322
103324
103326
103329
103331
103334
103336
103338
103341
103343
103346
103348
103350
103353
103355
103358
103360
103362
103365
103367
103370
103372
103375
103377
103379
103382
103384
103387
103389
103391
103394
103396
103399
103401
103403
103406
103408
103411
103413
103415
103418
103420
103423
103425
103427
103430
103432
103435
103437
103439
103442
103444
103447
103449
103451
103454
103456
103459
103461
103463
103466
103468
103471
103473
103475
103478
103480
103483
103485
103487
103490
103492
103495
103497
103500
103502
103504
103507
103509
103512
103514
103516
103519
103521
103524
103526
103528
103531
103533
103536
103538
103540
103543
103545
103548
103550
103552
103555
103557
103560
103562
103564
103567
103569
103572
103574
103576
103579
103581
103584
103586
103588
103591
103593
103596
103598
103600
103603
103605
103608
103610
103612
103615
103617
103620
103622
103625
103627
103629
103632
103634
103637
103639
103641
103644
103646
103649
103651
103653
103656
103658
103661
103663
103665
103668
103670
103673
103675
103677
103680
103682
103685
103687
103689
103692
103694
103697
103699
103701
103704
103706
103709
103711
103713
103716
103718
103721
103723
103725
103728
103730
103733
103735
103737
103740
103742
103745
103747
103750
103752
103754
103757
103759
103762
103764
103766
103769
103771
103774
103776
103778
103781
103783
103786
103788
103790
103793
103795
103798
103800
103802
103805
103807
103810
103812
103814
103817
103819
103822
103824
103826
103829
103831
103834
103836
103838
103841
103843
103846
103848
103850
103853
103855
103858
103860
103862
103865
103867
103870
103872
103875
103877
103879
103882
103884
103887
103889
103891
103894
103896
103899
103901
103903
103906
103908
103911
103913
103915
103918
103920
103923
103925
103927
103930
103932
103935
103937
103939
103942
103944
103947
103949
103951
103954
103956
103959
103961
103963
103966
103968
103971
103973
103975
103978
103980
103983
103985
103987
103990
103992
103995
103997
104000
104002
104004
104007
104009
104012
104014
104016
104019
104021
104024
104026
104028
104031
104033
104036
104038
104040
104043
104045
104048
104050
104052
104055
104057
104060
104062
104064
104067
104069
104072
104074
104076
104079
104081
104084
104086
104088
104091
104093
104096
104098
104100
104103
104105
104108
104110
104112
104115
104117
104120
104122
104125
104127
104129
104132
104134
104137
104139
104141
104144
104146
104149
104151
104153
104156
104158
104161
104163
104165
104168
104170
104173
104175
104177
104180
104182
104185
104187
104189
104192
104194
104197
104199
104201
104204
104206
104209
104211
104213
104216
104218
104221
104223
104225
104228
104230
104233
104235
104237
104240
104242
104245
104247
104250
104252
104254
104257
104259
104262
104264
104266
104269
104271
104274
104276
104278
104281
104283
104286
104288
104290
104293
104295
104298
104300
104302
104305
104307
104310
104312
104314
104317
104319
104322
104324
104326
104329
104331
104334
104336
104338
104341
104343
104346
104348
104350
104353
104355
104358
104360
104362
104365
104367
104370
104372
104375
104377
104379
104382
104384
104387
104389
104391
104394
104396
104399
104401
104403
104406
104408
104411
104413
104415
104418
104420
104423
104425
104427
104430
104432
104435
104437
104439
104442
104444
104447
104449
104451
104454
104456
104459
104461
104463
104466
104468
104471
104473
104475
104478
104480
104483
104485
104487
104490
104492
104495
104497
104500
104502
104504
104507
104509
104512
104514
104516
104519
104521
104524
104526
104528
104531
104533
104536
104538
104540
104543
104545
104548
104550
104552
104555
104557
104560
104562
104564
104567
104569
104572
104574
104576
104579
104581
104584
104586
104588
104591
104593
104596
104598
104600
104603
104605
104608
104610
104612
104615
104617
104620
104622
104625
104627
104629
104632
104634
104637
104639
104641
104644
104646
104649
104651
104653
104656
104658
104661
104663
104665
104668
104670
104673
104675
104677
104680
104682
104685
104687
104689
104692
104694
104697
104699
104701
104704
104706
104709
104711
104713
104716
104718
104721
104723
104725
104728
104730
104733
104735
104737
104740
104742
104745
104747
104750
104752
104754
104757
104759
104762
104764
104766
104769
104771
104774
104776
104778
104781
104783
104786
104788
104790
104793
104795
104798
104800
104802
104805
104807
104810
104812
104814
104817
104819
104822
104824
104826
104829
104831
104834
104836
104838
104841
104843
104846
104848
104850
104853
104855
104858
104860
104862
104865
104867
104870
104872
104875
104877
104879
104882
104884
104887
104889
104891
104894
104896
104899
104901
104903
104906
104908
104911
104913
104915
104918
104920
104923
104925
104927
104930
104932
104935
104937
104939
104942
104944
104947
104949
104951
104954
104956
104959
104961
104963
104966
104968
104971
104973
104975
104978
104980
104983
104985
104987
104990
104992
104995
104997
105000
105002
105004
105007
105009
105012
105014
105016
105019
105021
105024
105026
105028
105031
105033
105036
105038
105040
105043
105045
105048
105050
105052
105055
105057
105060
105062
105064
105067
105069
105072
105074
105076
105079
105081
105084
105086
105088
105091
105093
105096
105098
105100
105103
105105
105108
105110
105112
105115
105117
105120
105122
105125
105127
105129
105132
105134
105137
105139
105141
105144
105146
105149
105151
105153
105156
105158
105161
105163
105165
105168
105170
105173
105175
105177
105180
105182
105185
105187
105189
105192
105194
105197
105199
105201
105204
105206
105209
105211
105213
105216
105218
105221
105223
105225
105228
105230
105233
105235
105237
105240
105242
105245
105247
105250
105252
105254
105257
105259
105262
105264
105266
105269
105271
105274
105276
105278
105281
105283
105286
105288
105290
105293
105295
105298
105300
105302
105305
105307
105310
105312
105314
105317
105319
105322
105324
105326
105329
105331
105334
105336
105338
105341
105343
105346
105348
105350
105353
105355
105358
105360
105362
105365
105367
105370
105372
105375
105377
105379
105382
105384
105387
105389
105391
105394
105396
105399
105401
105403
105406
105408
105411
105413
105415
105418
105420
105423
105425
105427
105430
105432
105435
105437
105439
105442
105444
105447
105449
105451
105454
105456
105459
105461
105463
105466
105468
105471
105473
105475
105478
105480
105483
105485
105487
105490
105492
105495
105497
105500
105502
105504
105507
105509
105512
105514
105516
105519
105521
105524
105526
105528
105531
105533
105536
105538
105540
105543
105545
105548
105550
105552
105555
105557
105560
105562
105564
105567
105569
105572
105574
105576
105579
105581
105584
105586
105588
105591
105593
105596
105598
105600
105603
105605
105608
105610
105612
105615
105617
105620
105622
105625
105627
105629
105632
105634
105637
105639
105641
105644
105646
105649
105651
105653
105656
105658
105661
105663
105665
105668
105670
105673
105675
105677
105680
105682
105685
105687
105689
105692
105694
105697
105699
105701
105704
105706
105709
105711
105713
105716
105718
105721
105723
105725
105728
105730
105733
105735
105737
105740
105742
105745
105747
105750
105752
105754
105757
105759
105762
105764
105766
105769
105771
105774
105776
105778
105781
105783
105786
105788
105790
105793
105795
105798
105800
105802
105805
105807
105810
105812
105814
105817
105819
105822
105824
105826
105829
105831
105834
105836
105838
105841
105843
105846
105848
105850
105853
105855
105858
105860
105862
105865
105867
105870
105872
105875
105877
105879
105882
105884
105887
105889
105891
105894
105896
105899
105901
105903
105906
105908
105911
105913
105915
105918
105920
105923
105925
105927
105930
105932
105935
105937
105939
105942
105944
105947
105949
105951
105954
105956
105959
105961
105963
105966
105968
105971
105973
105975
105978
105980
105983
105985
105987
105990
105992
105995
105997
106000
106002
106004
106007
106009
106012
106014
106016
106019
106021
106024
106026
106028
106031
106033
106036
106038
106040
106043
106045
106048
106050
106052
106055
106057
106060
106062
106064
106067
106069
106072
106074
106076
106079
106081
106084
106086
106088
106091
106093
106096
106098
106100
106103
106105
106108
106110
106112
106115
106117
106120
106122
106125
106127
106129
106132
106134
106137
106139
106141
106144
106146
106149
106151
106153
106156
106158
106161
106163
106165
106168
106170
106173
106175
106177
106180
106182
106185
106187
106189
106192
106194
106197
106199
106201
106204
106206
106209
106211
106213
106216
106218
106221
106223
106225
106228
106230
106233
106235
106237
106240
106242
106245
106247
106250
106252
106254
106257
106259
106262
106264
106266
106269
106271
106274
106276
106278
106281
106283
106286
106288
106290
106293
106295
106298
106300
106302
106305
106307
106310
106312
106314
106317
106319
106322
106324
106326
106329
106331
106334
106336
106338
106341
106343
106346
106348
106350
106353
106355
106358
106360
106362
106365
106367
106370
106372
106375
106377
106379
106382
106384
106387
106389
106391
106394
106396
106399
106401
106403
106406
106408
106411
106413
106415
106418
106420
106423
106425
106427
106430
106432
106435
106437
106439
106442
106444
106447
106449
106451
106454
106456
106459
106461
106463
106466
106468
106471
106473
106475
106478
106480
106483
106485
106487
106490
106492
106495
106497
106500
106502
106504
106507
106509
106512
106514
106516
106519
106521
106524
106526
106528
106531
106533
106536
106538
106540
106543
106545
106548
106550
106552
106555
106557
106560
106562
106564
106567
106569
106572
106574
106576
106579
106581
106584
106586
106588
106591
106593
106596
106598
106600
106603
106605
106608
106610
106612
106615
106617
106620
106622
106625
106627
106629
106632
106634
106637
106639
106641
106644
106646
106649
106651
106653
106656
106658
106661
106663
106665
106668
106670
106673
106675
106677
106680
106682
106685
106687
106689
106692
106694
106697
106699
106701
106704
106706
106709
106711
106713
106716
106718
106721
106723
106725
106728
106730
106733
106735
106737
106740
106742
106745
106747
106750
106752
106754
106757
106759
106762
106764
106766
106769
106771
106774
106776
106778
106781
106783
106786
106788
106790
106793
106795
106798
106800
106802
106805
106807
106810
106812
106814
106817
106819
106822
106824
106826
106829
106831
106834
106836
106838
106841
106843
106846
106848
106850
106853
106855
106858
106860
106862
106865
106867
106870
106872
106875
106877
106879
106882
106884
106887
106889
106891
106894
106896
106899
106901
106903
106906
106908
106911
106913
106915
106918
106920
106923
106925
106927
106930
106932
106935
106937
106939
106942
106944
106947
106949
106951
106954
106956
106959
106961
106963
106966
106968
106971
106973
106975
106978
106980
106983
106985
106987
106990
106992
106995
106997
107000
107002
107004
107007
107009
107012
107014
107016
107019
107021
107024
107026
107028
107031
107033
107036
107038
107040
107043
107045
107048
107050
107052
107055
107057
107060
107062
107064
107067
107069
107072
107074
107076
107079
107081
107084
107086
107088
107091
107093
107096
107098
107100
107103
107105
107108
107110
107112
107115
107117
107120
107122
107125
107127
107129
107132
107134
107137
107139
107141
107144
107146
107149
107151
107153
107156
107158
107161
107163
107165
107168
107170
107173
107175
107177
107180
107182
107185
107187
107189
107192
107194
107197
107199
107201
107204
107206
107209
107211
107213
107216
107218
107221
107223
107225
107228
107230
107233
107235
107237
107240
107242
107245
107247
107250
107252
107254
107257
107259
107262
107264
107266
107269
107271
107274
107276
107278
107281
107283
107286
107288
107290
107293
107295
107298
107300
107302
107305
107307
107310
107312
107314
107317
107319
107322
107324
107326
107329
107331
107334
107336
107338
107341
107343
107346
107348
107350
107353
107355
107358
107360
107362
107365
107367
107370
107372
107375
107377
107379
107382
107384
107387
107389
107391
107394
107396
107399
107401
107403
107406
107408
107411
107413
107415
107418
107420
107423
107425
107427
107430
107432
107435
107437
107439
107442
107444
107447
107449
107451
107454
107456
107459
107461
107463
107466
107468
107471
107473
107475
107478
107480
107483
107485
107487
107490
107492
107495
107497
107500
107502
107504
107507
107509
107512
107514
107516
107519
107521
107524
107526
107528
107531
107533
107536
107538
107540
107543
107545
107548
107550
107552
107555
107557
107560
107562
107564
107567
107569
107572
107574
107576
107579
107581
107584
107586
107588
107591
107593
107596
107598
107600
107603
107605
107608
107610
107612
107615
107617
107620
107622
107625
107627
107629
107632
107634
107637
107639
107641
107644
107646
107649
107651
107653
107656
107658
107661
107663
107665
107668
107670
107673
107675
107677
107680
107682
107685
107687
107689
107692
107694
107697
107699
107701
107704
107706
107709
107711
107713
107716
107718
107721
107723
107725
107728
107730
107733
107735
107737
107740
107742
107745
107747
107750
107752
107754
107757
107759
107762
107764
107766
107769
107771
107774
107776
107778
107781
107783
107786
107788
107790
107793
107795
107798
107800
107802
107805
107807
107810
107812
107814
107817
107819
107822
107824
107826
107829
107831
107834
107836
107838
107841
107843
107846
107848
107850
107853
107855
107858
107860
107862
107865
107867
107870
107872
107875
107877
107879
107882
107884
107887
107889
107891
107894
107896
107899
107901
107903
107906
107908
107911
107913
107915
107918
107920
107923
107925
107927
107930
107932
107935
107937
107939
107942
107944
107947
107949
107951
107954
107956
107959
107961
107963
107966
107968
107971
107973
107975
107978
107980
107983
107985
107987
107990
107992
107995
107997
108000
108002
108004
108007
108009
108012
108014
108016
108019
108021
108024
108026
108028
108031
108033
108036
108038
108040
108043
108045
108048
108050
108052
108055
108057
108060
108062
108064
108067
108069
108072
108074
108076
108079
108081
108084
108086
108088
108091
108093
108096
108098
108100
108103
108105
108108
108110
108112
108115
108117
108120
108122
108125
108127
108129
108132
108134
108137
108139
108141
108144
108146
108149
108151
108153
108156
108158
108161
108163
108165
108168
108170
108173
108175
108177
108180
108182
108185
108187
108189
108192
108194
108197
108199
108201
108204
108206
108209
108211
108213
108216
108218
108221
108223
108225
108228
108230
108233
108235
108237
108240
108242
108245
108247
108250
108252
108254
108257
108259
108262
108264
108266
108269
108271
108274
108276
108278
108281
108283
108286
108288
108290
108293
108295
108298
108300
108302
108305
108307
108310
108312
108314
108317
108319
108322
108324
108326
108329
108331
108334
108336
108338
108341
108343
108346
108348
108350
108353
108355
108358
108360
108362
108365
108367
108370
108372
108375
108377
108379
108382
108384
108387
108389
108391
108394
108396
108399
108401
108403
108406
108408
108411
108413
108415
108418
108420
108423
108425
108427
108430
108432
108435
108437
108439
108442
108444
108447
108449
108451
108454
108456
108459
108461
108463
108466
108468
108471
108473
108475
108478
108480
108483
108485
108487
108490
108492
108495
108497
108500
108502
108504
108507
108509
108512
108514
108516
108519
108521
108524
108526
108528
108531
108533
108536
108538
108540
108543
108545
108548
108550
108552
108555
108557
108560
108562
108564
108567
108569
108572
108574
108576
108579
108581
108584
108586
108588
108591
108593
108596
108598
108600
108603
108605
108608
108610
108612
108615
108617
108620
108622
108625
108627
108629
108632
108634
108637
108639
108641
108644
108646
108649
108651
108653
108656
108658
108661
108663
108665
108668
108670
108673
108675
108677
108680
108682
108685
108687
108689
108692
108694
108697
108699
108701
108704
108706
108709
108711
108713
108716
108718
108721
108723
108725
108728
108730
108733
108735
108737
108740
108742
108745
108747
108750
108752
108754
108757
108759
108762
108764
108766
108769
108771
108774
108776
108778
108781
108783
108786
108788
108790
108793
108795
108798
108800
108802
108805
108807
108810
108812
108814
108817
108819
108822
108824
108826
108829
108831
108834
108836
108838
108841
108843
108846
108848
108850
108853
108855
108858
108860
108862
108865
108867
108870
108872
108875
108877
108879
108882
108884
108887
108889
108891
108894
108896
108899
108901
108903
108906
108908
108911
108913
108915
108918
108920
108923
108925
108927
108930
108932
108935
108937
108939
108942
108944
108947
108949
108951
108954
108956
108959
108961
108963
108966
108968
108971
108973
108975
108978
108980
108983
108985
108987
108990
108992
108995
108997
109000
109002
109004
109007
109009
109012
109014
109016
109019
109021
109024
109026
109028
109031
109033
109036
109038
109040
109043
109045
109048
109050
109052
109055
109057
109060
109062
109064
109067
109069
109072
109074
109076
109079
109081
109084
109086
109088
109091
109093
109096
109098
109100
109103
109105
109108
109110
109112
109115
109117
109120
109122
109125
109127
109129
109132
109134
109137
109139
109141
109144
109146
109149
109151
109153
109156
109158
109161
109163
109165
109168
109170
109173
109175
109177
109180
109182
109185
109187
109189
109192
109194
109197
109199
109201
109204
109206
109209
109211
109213
109216
109218
109221
109223
109225
109228
109230
109233
109235
109237
109240
109242
109245
109247
109250
109252
109254
109257
109259
109262
109264
109266
109269
109271
109274
109276
109278
109281
109283
109286
109288
109290
109293
109295
109298
109300
109302
109305
109307
109310
109312
109314
109317
109319
109322
109324
109326
109329
109331
109334
109336
109338
109341
109343
109346
109348
109350
109353
109355
109358
109360
109362
109365
109367
109370
109372
109375
109377
109379
109382
109384
109387
109389
109391
109394
109396
109399
109401
109403
109406
109408
109411
109413
109415
109418
109420
109423
109425
109427
109430
109432
109435
109437
109439
109442
109444
109447
109449
109451
109454
109456
109459
109461
109463
109466
109468
109471
109473
109475
109478
109480
109483
109485
109487
109490
109492
109495
109497
109500
109502
109504
109507
109509
109512
109514
109516
109519
109521
109524
109526
109528
109531
109533
109536
109538
109540
109543
109545
109548
109550
109552
109555
109557
109560
109562
109564
109567
109569
109572
109574
109576
109579
109581
109584
109586
109588
109591
109593
109596
109598
109600
109603
109605
109608
109610
109612
109615
109617
109620
109622
109625
109627
109629
109632
109634
109637
109639
109641
109644
109646
109649
109651
109653
109656
109658
109661
109663
109665
109668
109670
109673
109675
109677
109680
109682
109685
109687
109689
109692
109694
109697
109699
109701
109704
109706
109709
109711
109713
109716
109718
109721
109723
109725
109728
109730
109733
109735
109737
109740
109742
109745
109747
109750
109752
109754
109757
109759
109762
109764
109766
109769
109771
109774
109776
109778
109781
109783
109786
109788
109790
109793
109795
109798
109800
109802
109805
109807
109810
109812
109814
109817
109819
109822
109824
109826
109829
109831
109834
109836
109838
109841
109843
109846
109848
109850
109853
109855
109858
109860
109862
109865
109867
109870
109872
109875
109877
109879
109882
109884
109887
109889
109891
109894
109896
109899
109901
109903
109906
109908
109911
109913
109915
109918
109920
109923
109925
109927
109930
109932
109935
109937
109939
109942
109944
109947
109949
109951
109954
109956
109959
109961
109963
109966
109968
109971
109973
109975
109978
109980
109983
109985
109987
109990
109992
109995
109997
110000
110002
110004
110007
110009
110012
110014
110016
110019
110021
110024
110026
110028
110031
110033
110036
110038
110040
110043
110045
110048
110050
110052
110055
110057
110060
110062
110064
110067
110069
110072
110074
110076
110079
110081
110084
110086
110088
110091
110093
110096
110098
110100
110103
110105
110108
110110
110112
110115
110117
110120
110122
110125
110127
110129
110132
110134
110137
110139
110141
110144
110146
110149
110151
110153
110156
110158
110161
110163
110165
110168
110170
110173
110175
110177
110180
110182
110185
110187
110189
110192
110194
110197
110199
110201
110204
110206
110209
110211
110213
110216
110218
110221
110223
110225
110228
110230
110233
110235
110237
110240
110242
110245
110247
110250
110252
110254
110257
110259
110262
110264
110266
110269
110271
110274
110276
110278
110281
110283
110286
110288
110290
110293
110295
110298
110300
110302
110305
110307
110310
110312
110314
110317
110319
110322
110324
110326
110329
110331
110334
110336
110338
110341
110343
110346
110348
110350
110353
110355
110358
110360
110362
110365
110367
110370
110372
110375
110377
110379
110382
110384
110387
110389
110391
110394
110396
110399
110401
110403
110406
110408
110411
110413
110415
110418
110420
110423
110425
110427
110430
110432
110435
110437
110439
110442
110444
110447
110449
110451
110454
110456
110459
110461
110463
110466
110468
110471
110473
110475
110478
110480
110483
110485
110487
110490
110492
110495
110497
110500
110502
110504
110507
110509
110512
110514
110516
110519
110521
110524
110526
110528
110531
110533
110536
110538
110540
110543
110545
110548
110550
110552
110555
110557
110560
110562
110564
110567
110569
110572
110574
110576
110579
110581
110584
110586
110588
110591
110593
110596
110598
110600
110603
110605
110608
110610
110612
110615
110617
110620
110622
110625
110627
110629
110632
110634
110637
110639
110641
110644
110646
110649
110651
110653
110656
110658
110661
110663
110665
110668
110670
110673
110675
110677
110680
110682
110685
110687
110689
110692
110694
110697
110699
110701
110704
110706
110709
110711
110713
110716
110718
110721
110723
110725
110728
110730
110733
110735
110737
110740
110742
110745
110747
110750
110752
110754
110757
110759
110762
110764
110766
110769
110771
110774
110776
110778
110781
110783
110786
110788
110790
110793
110795
110798
110800
110802
110805
110807
110810
110812
110814
110817
110819
110822
110824
110826
110829
110831
110834
110836
110838
110841
110843
110846
110848
110850
110853
110855
110858
110860
110862
110865
110867
110870
110872
110875
110877
110879
110882
110884
110887
110889
110891
110894
110896
110899
110901
110903
110906
110908
110911
110913
110915
110918
110920
110923
110925
110927
110930
110932
110935
110937
110939
110942
110944
110947
110949
110951
110954
110956
110959
110961
110963
110966
110968
110971
110973
110975
110978
110980
110983
110985
110987
110990
110992
110995
110997
111000
111002
111004
111007
111009
111012
111014
111016
111019
111021
111024
111026
111028
111031
111033
111036
111038
111040
111043
111045
111048
111050
111052
111055
111057
111060
111062
111064
111067
111069
111072
111074
111076
111079
111081
111084
111086
111088
111091
111093
111096
111098
111100
111103
111105
111108
111110
111112
111115
111117
111120
111122
111125
111127
111129
111132
111134
111137
111139
111141
111144
111146
111149
111151
111153
111156
111158
111161
111163
111165
111168
111170
111173
111175
111177
111180
111182
111185
111187
111189
111192
111194
111197
111199
111201
111204
111206
111209
111211
111213
111216
111218
111221
111223
111225
111228
111230
111233
111235
111237
111240
111242
111245
111247
111250
111252
111254
111257
111259
111262
111264
111266
111269
111271
111274
111276
111278
111281
111283
111286
111288
111290
111293
111295
111298
111300
111302
111305
111307
111310
111312
111314
111317
111319
111322
111324
111326
111329
111331
111334
111336
111338
111341
111343
111346
111348
111350
111353
111355
111358
111360
111362
111365
111367
111370
111372
111375
111377
111379
111382
111384
111387
111389
111391
111394
111396
111399
111401
111403
111406
111408
111411
111413
111415
111418
111420
111423
111425
111427
111430
111432
111435
111437
111439
111442
111444
111447
111449
111451
111454
111456
111459
111461
111463
111466
111468
111471
111473
111475
111478
111480
111483
111485
111487
111490
111492
111495
111497
111500
111502
111504
111507
111509
111512
111514
111516
111519
111521
111524
111526
111528
111531
111533
111536
111538
111540
111543
111545
111548
111550
111552
111555
111557
111560
111562
111564
111567
111569
111572
111574
111576
111579
111581
111584
111586
111588
111591
111593
111596
111598
111600
111603
111605
111608
111610
111612
111615
111617
111620
111622
111625
111627
111629
111632
111634
111637
111639
111641
111644
111646
111649
111651
111653
111656
111658
111661
111663
111665
111668
111670
111673
111675
111677
111680
111682
111685
111687
111689
111692
111694
111697
111699
111701
111704
111706
111709
111711
111713
111716
111718
111721
111723
111725
111728
111730
111733
111735
111737
111740
111742
111745
111747
111750
111752
111754
111757
111759
111762
111764
111766
111769
111771
111774
111776
111778
111781
111783
111786
111788
111790
111793
111795
111798
111800
111802
111805
111807
111810
111812
111814
111817
111819
111822
111824
111826
111829
111831
111834
111836
111838
111841
111843
111846
111848
111850
111853
111855
111858
111860
111862
111865
111867
111870
111872
111875
111877
111879
111882
111884
111887
111889
111891
111894
111896
111899
111901
111903
111906
111908
111911
111913
111915
111918
111920
111923
111925
111927
111930
111932
111935
111937
111939
111942
111944
111947
111949
111951
111954
111956
111959
111961
111963
111966
111968
111971
111973
111975
111978
111980
111983
111985
111987
111990
111992
111995
111997
112000
112002
112004
112007
112009
112012
112014
112016
112019
112021
112024
112026
112028
112031
112033
112036
112038
112040
112043
112045
112048
112050
112052
112055
112057
112060
112062
112064
112067
112069
112072
112074
112076
112079
112081
112084
112086
112088
112091
112093
112096
112098
112100
112103
112105
112108
112110
112112
112115
112117
112120
112122
112125
112127
112129
112132
112134
112137
112139
112141
112144
112146
112149
112151
112153
112156
112158
112161
112163
112165
112168
112170
112173
112175
112177
112180
112182
112185
112187
112189
112192
112194
112197
112199
112201
112204
112206
112209
112211
112213
112216
112218
112221
112223
112225
112228
112230
112233
112235
112237
112240
112242
112245
112247
112250
112252
112254
112257
112259
112262
112264
112266
112269
112271
112274
112276
112278
112281
112283
112286
112288
112290
112293
112295
112298
112300
112302
112305
112307
112310
112312
112314
112317
112319
112322
112324
112326
112329
112331
112334
112336
112338
112341
112343
112346
112348
112350
112353
112355
112358
112360
112362
112365
112367
112370
112372
112375
112377
112379
112382
112384
112387
112389
112391
112394
112396
112399
112401
112403
112406
112408
112411
112413
112415
112418
112420
112423
112425
112427
112430
112432
112435
112437
112439
112442
112444
112447
112449
112451
112454
112456
112459
112461
112463
112466
112468
112471
112473
112475
112478
112480
112483
112485
112487
112490
112492
112495
112497
112500
112502
112504
112507
112509
112512
112514
112516
112519
112521
112524
112526
112528
112531
112533
112536
112538
112540
112543
112545
112548
112550
112552
112555
112557
112560
112562
112564
112567
112569
112572
112574
112576
112579
112581
112584
112586
112588
112591
112593
112596
112598
112600
112603
112605
112608
112610
112612
112615
112617
112620
112622
112625
112627
112629
112632
112634
112637
112639
112641
112644
112646
112649
112651
112653
112656
112658
112661
112663
112665
112668
112670
112673
112675
112677
112680
112682
112685
112687
112689
112692
112694
112697
112699
112701
112704
112706
112709
112711
112713
112716
112718
112721
112723
112725
112728
112730
112733
112735
112737
112740
112742
112745
112747
112750
112752
112754
112757
112759
112762
112764
112766
112769
112771
112774
112776
112778
112781
112783
112786
112788
112790
112793
112795
112798
112800
112802
112805
112807
112810
112812
112814
112817
112819
112822
112824
112826
112829
112831
112834
112836
112838
112841
112843
112846
112848
112850
112853
112855
112858
112860
112862
112865
112867
112870
112872
112875
112877
112879
112882
112884
112887
112889
112891
112894
112896
112899
112901
112903
112906
112908
112911
112913
112915
112918
112920
112923
112925
112927
112930
112932
112935
112937
112939
112942
112944
112947
112949
112951
112954
112956
112959
112961
112963
112966
112968
112971
112973
112975
112978
112980
112983
112985
112987
112990
112992
112995
112997
113000
113002
113004
113007
113009
113012
113014
113016
113019
113021
113024
113026
113028
113031
113033
113036
113038
113040
113043
113045
113048
113050
113052
113055
113057
113060
113062
113064
113067
113069
113072
113074
113076
113079
113081
113084
113086
113088
113091
113093
113096
113098
113100
113103
113105
113108
113110
113112
113115
113117
113120
113122
113125
113127
113129
113132
113134
113137
113139
113141
113144
113146
113149
113151
113153
113156
113158
113161
113163
113165
113168
113170
113173
113175
113177
113180
113182
113185
113187
113189
113192
113194
113197
113199
113201
113204
113206
113209
113211
113213
113216
113218
113221
113223
113225
113228
113230
113233
113235
113237
113240
113242
113245
113247
113250
113252
113254
113257
113259
113262
113264
113266
113269
113271
113274
113276
113278
113281
113283
113286
113288
113290
113293
113295
113298
113300
113302
113305
113307
113310
113312
113314
113317
113319
113322
113324
113326
113329
113331
113334
113336
113338
113341
113343
113346
113348
113350
113353
113355
113358
113360
113362
113365
113367
113370
113372
113375
113377
113379
113382
113384
113387
113389
113391
113394
113396
113399
113401
113403
113406
113408
113411
113413
113415
113418
113420
113423
113425
113427
113430
113432
113435
113437
113439
113442
113444
113447
113449
113451
113454
113456
113459
113461
113463
113466
113468
113471
113473
113475
113478
113480
113483
113485
113487
113490
113492
113495
113497
113500
113502
113504
113507
113509
113512
113514
113516
113519
113521
113524
113526
113528
113531
113533
113536
113538
113540
113543
113545
113548
113550
113552
113555
113557
113560
113562
113564
113567
113569
113572
113574
113576
113579
113581
113584
113586
113588
113591
113593
113596
113598
113600
113603
113605
113608
113610
113612
113615
113617
113620
113622
113625
113627
113629
113632
113634
113637
113639
113641
113644
113646
113649
113651
113653
113656
113658
113661
113663
113665
113668
113670
113673
113675
113677
113680
113682
113685
113687
113689
113692
113694
113697
113699
113701
113704
113706
113709
113711
113713
113716
113718
113721
113723
113725
113728
113730
113733
113735
113737
113740
113742
113745
113747
113750
113752
113754
113757
113759
113762
113764
113766
113769
113771
113774
113776
113778
113781
113783
113786
113788
113790
113793
113795
113798
113800
113802
113805
113807
113810
113812
113814
113817
113819
113822
113824
113826
113829
113831
113834
113836
113838
113841
113843
113846
113848
113850
113853
113855
113858
113860
113862
113865
113867
113870
113872
113875
113877
113879
113882
113884
113887
113889
113891
113894
113896
113899
113901
113903
113906
113908
113911
113913
113915
113918
113920
113923
113925
113927
113930
113932
113935
113937
113939
113942
113944
113947
113949
113951
113954
113956
113959
113961
113963
113966
113968
113971
113973
113975
113978
113980
113983
113985
113987
113990
113992
113995
113997
114000
114002
114004
114007
114009
114012
114014
114016
114019
114021
114024
114026
114028
114031
114033
114036
114038
114040
114043
114045
114048
114050
114052
114055
114057
114060
114062
114064
114067
114069
114072
114074
114076
114079
114081
114084
114086
114088
114091
114093
114096
114098
114100
114103
114105
114108
114110
114112
114115
114117
114120
114122
114125
114127
114129
114132
114134
114137
114139
114141
114144
114146
114149
114151
114153
114156
114158
114161
114163
114165
114168
114170
114173
114175
114177
114180
114182
114185
114187
114189
114192
114194
114197
114199
114201
114204
114206
114209
114211
114213
114216
114218
114221
114223
114225
114228
114230
114233
114235
114237
114240
114242
114245
114247
114250
114252
114254
114257
114259
114262
114264
114266
114269
114271
114274
114276
114278
114281
114283
114286
114288
114290
114293
114295
114298
114300
114302
114305
114307
114310
114312
114314
114317
114319
114322
114324
114326
114329
114331
114334
114336
114338
114341
114343
114346
114348
114350
114353
114355
114358
114360
114362
114365
114367
114370
114372
114375
114377
114379
114382
114384
114387
114389
114391
114394
114396
114399
114401
114403
114406
114408
114411
114413
114415
114418
114420
114423
114425
114427
114430
114432
114435
114437
114439
114442
114444
114447
114449
114451
114454
114456
114459
114461
114463
114466
114468
114471
114473
114475
114478
114480
114483
114485
114487
114490
114492
114495
114497
114500
114502
114504
114507
114509
114512
114514
114516
114519
114521
114524
114526
114528
114531
114533
114536
114538
114540
114543
114545
114548
114550
114552
114555
114557
114560
114562
114564
114567
114569
114572
114574
114576
114579
114581
114584
114586
114588
114591
114593
114596
114598
114600
114603
114605
114608
114610
114612
114615
114617
114620
114622
114625
114627
114629
114632
114634
114637
114639
114641
114644
114646
114649
114651
114653
114656
114658
114661
114663
114665
114668
114670
114673
114675
114677
114680
114682
114685
114687
114689
114692
114694
114697
114699
114701
114704
114706
114709
114711
114713
114716
114718
114721
114723
114725
114728
114730
114733
114735
114737
114740
114742
114745
114747
114750
114752
114754
114757
114759
114762
114764
114766
114769
114771
114774
114776
114778
114781
114783
114786
114788
114790
114793
114795
114798
114800
114802
114805
114807
114810
114812
114814
114817
114819
114822
114824
114826
114829
114831
114834
114836
114838
114841
114843
114846
114848
114850
114853
114855
114858
114860
114862
114865
114867
114870
114872
114875
114877
114879
114882
114884
114887
114889
114891
114894
114896
114899
114901
114903
114906
114908
114911
114913
114915
114918
114920
114923
114925
114927
114930
114932
114935
114937
114939
114942
114944
114947
114949
114951
114954
114956
114959
114961
114963
114966
114968
114971
114973
114975
114978
114980
114983
114985
114987
114990
114992
114995
114997
115000
115002
115004
115007
115009
115012
115014
115016
115019
115021
115024
115026
115028
115031
115033
115036
115038
115040
115043
115045
115048
115050
115052
115055
115057
115060
115062
115064
115067
115069
115072
115074
115076
115079
115081
115084
115086
115088
115091
115093
115096
115098
115100
115103
115105
115108
115110
115112
115115
115117
115120
115122
115125
115127
115129
115132
115134
115137
115139
115141
115144
115146
115149
115151
115153
115156
115158
115161
115163
115165
115168
115170
115173
115175
115177
115180
115182
115185
115187
115189
115192
115194
115197
115199
115201
115204
115206
115209
115211
115213
115216
115218
115221
115223
115225
115228
115230
115233
115235
115237
115240
115242
115245
115247
115250
115252
115254
115257
115259
115262
115264
115266
115269
115271
115274
115276
115278
115281
115283
115286
115288
115290
115293
115295
115298
115300
115302
115305
115307
115310
115312
115314
115317
115319
115322
115324
115326
115329
115331
115334
115336
115338
115341
115343
115346
115348
115350
115353
115355
115358
115360
115362
115365
115367
115370
115372
115375
115377
115379
115382
115384
115387
115389
115391
115394
115396
115399
115401
115403
115406
115408
115411
115413
115415
115418
115420
115423
115425
115427
115430
115432
115435
115437
115439
115442
115444
115447
115449
115451
115454
115456
115459
115461
115463
115466
115468
115471
115473
115475
115478
115480
115483
115485
115487
115490
115492
115495
115497
115500
115502
115504
115507
115509
115512
115514
115516
115519
115521
115524
115526
115528
115531
115533
115536
115538
115540
115543
115545
115548
115550
115552
115555
115557
115560
115562
115564
115567
115569
115572
115574
115576
115579
115581
115584
115586
115588
115591
115593
115596
115598
115600
115603
115605
115608
115610
115612
115615
115617
115620
115622
115625
115627
115629
115632
115634
115637
115639
115641
115644
115646
115649
115651
115653
115656
115658
115661
115663
115665
115668
115670
115673
115675
115677
115680
115682
115685
115687
115689
115692
115694
115697
115699
115701
115704
115706
115709
115711
115713
115716
115718
115721
115723
115725
115728
115730
115733
115735
115737
115740
115742
115745
115747
115750
115752
115754
115757
115759
115762
115764
115766
115769
115771
115774
115776
115778
115781
115783
115786
115788
115790
115793
115795
115798
115800
115802
115805
115807
115810
115812
115814
115817
115819
115822
115824
115826
115829
115831
115834
115836
115838
115841
115843
115846
115848
115850
115853
115855
115858
115860
115862
115865
115867
115870
115872
115875
115877
115879
115882
115884
115887
115889
115891
115894
115896
115899
115901
115903
115906
115908
115911
115913
115915
115918
115920
115923
115925
115927
115930
115932
115935
115937
115939
115942
115944
115947
115949
115951
115954
115956
115959
115961
115963
115966
115968
115971
115973
115975
115978
115980
115983
115985
115987
115990
115992
115995
115997
116000
116002
116004
116007
116009
116012
116014
116016
116019
116021
116024
116026
116028
116031
116033
116036
116038
116040
116043
116045
116048
116050
116052
116055
116057
116060
116062
116064
116067
116069
116072
116074
116076
116079
116081
116084
116086
116088
116091
116093
116096
116098
116100
116103
116105
116108
116110
116112
116115
116117
116120
116122
116125
116127
116129
116132
116134
116137
116139
116141
116144
116146
116149
116151
116153
116156
116158
116161
116163
116165
116168
116170
116173
116175
116177
116180
116182
116185
116187
116189
116192
116194
116197
116199
116201
116204
116206
116209
116211
116213
116216
116218
116221
116223
116225
116228
116230
116233
116235
116237
116240
116242
116245
116247
116250
116252
116254
116257
116259
116262
116264
116266
116269
116271
116274
116276
116278
116281
116283
116286
116288
116290
116293
116295
116298
116300
116302
116305
116307
116310
116312
116314
116317
116319
116322
116324
116326
116329
116331
116334
116336
116338
116341
116343
116346
116348
116350
116353
116355
116358
116360
116362
116365
116367
116370
116372
116375
116377
116379
116382
116384
116387
116389
116391
116394
116396
116399
116401
116403
116406
116408
116411
116413
116415
116418
116420
116423
116425
116427
116430
116432
116435
116437
116439
116442
116444
116447
116449
116451
116454
116456
116459
116461
116463
116466
116468
116471
116473
116475
116478
116480
116483
116485
116487
116490
116492
116495
116497
116500
116502
116504
116507
116509
116512
116514
116516
116519
116521
116524
116526
116528
116531
116533
116536
116538
116540
116543
116545
116548
116550
116552
116555
116557
116560
116562
116564
116567
116569
116572
116574
116576
116579
116581
116584
116586
116588
116591
116593
116596
116598
116600
116603
116605
116608
116610
116612
116615
116617
116620
116622
116625
116627
116629
116632
116634
116637
116639
116641
116644
116646
116649
116651
116653
116656
116658
116661
116663
116665
116668
116670
116673
116675
116677
116680
116682
116685
116687
116689
116692
116694
116697
116699
116701
116704
116706
116709
116711
116713
116716
116718
116721
116723
116725
116728
116730
116733
116735
116737
116740
116742
116745
116747
116750
116752
116754
116757
116759
116762
116764
116766
116769
116771
116774
116776
116778
116781
116783
116786
116788
116790
116793
116795
116798
116800
116802
116805
116807
116810
116812
116814
116817
116819
116822
116824
116826
116829
116831
116834
116836
116838
116841
116843
116846
116848
116850
116853
116855
116858
116860
116862
116865
116867
116870
116872
116875
116877
116879
116882
116884
116887
116889
116891
116894
116896
116899
116901
116903
116906
116908
116911
116913
116915
116918
116920
116923
116925
116927
116930
116932
116935
116937
116939
116942
116944
116947
116949
116951
116954
116956
116959
116961
116963
116966
116968
116971
116973
116975
116978
116980
116983
116985
116987
116990
116992
116995
116997
117000
117002
117004
117007
117009
117012
117014
117016
117019
117021
117024
117026
117028
117031
117033
117036
117038
117040
117043
117045
117048
117050
117052
117055
117057
117060
117062
117064
117067
117069
117072
117074
117076
117079
117081
117084
117086
117088
117091
117093
117096
117098
117100
117103
117105
117108
117110
117112
117115
117117
117120
117122
117125
117127
117129
117132
117134
117137
117139
117141
117144
117146
117149
117151
117153
117156
117158
117161
117163
117165
117168
117170
117173
117175
117177
117180
117182
117185
117187
117189
117192
117194
117197
117199
117201
117204
117206
117209
117211
117213
117216
117218
117221
117223
117225
117228
117230
117233
117235
117237
117240
117242
117245
117247
117250
117252
117254
117257
117259
117262
117264
117266
117269
117271
117274
117276
117278
117281
117283
117286
117288
117290
117293
117295
117298
117300
117302
117305
117307
117310
117312
117314
117317
117319
117322
117324
117326
117329
117331
117334
117336
117338
117341
117343
117346
117348
117350
117353
117355
117358
117360
117362
117365
117367
117370
117372
117375
117377
117379
117382
117384
117387
117389
117391
117394
117396
117399
117401
117403
117406
117408
117411
117413
117415
117418
117420
117423
117425
117427
117430
117432
117435
117437
117439
117442
117444
117447
117449
117451
117454
117456
117459
117461
117463
117466
117468
117471
117473
117475
117478
117480
117483
117485
117487
117490
117492
117495
117497
117500
117502
117504
117507
117509
117512
117514
117516
117519
117521
117524
117526
117528
117531
117533
117536
117538
117540
117543
117545
117548
117550
117552
117555
117557
117560
117562
117564
117567
117569
117572
117574
117576
117579
117581
117584
117586
117588
117591
117593
117596
117598
117600
117603
117605
117608
117610
117612
117615
117617
117620
117622
117625
117627
117629
117632
117634
117637
117639
117641
117644
117646
117649
117651
117653
117656
117658
117661
117663
117665
117668
117670
117673
117675
117677
117680
117682
117685
117687
117689
117692
117694
117697
117699
117701
117704
117706
117709
117711
117713
117716
117718
117721
117723
117725
117728
117730
117733
117735
117737
117740
117742
117745
117747
117750
117752
117754
117757
117759
117762
117764
117766
117769
117771
117774
117776
117778
117781
117783
117786
117788
117790
117793
117795
117798
117800
117802
117805
117807
117810
117812
117814
117817
117819
117822
117824
117826
117829
117831
117834
117836
117838
117841
117843
117846
117848
117850
117853
117855
117858
117860
117862
117865
117867
117870
117872
117875
117877
117879
117882
117884
117887
117889
117891
117894
117896
117899
117901
117903
117906
117908
117911
117913
117915
117918
117920
117923
117925
117927
117930
117932
117935
117937
117939
117942
117944
117947
117949
117951
117954
117956
117959
117961
117963
117966
117968
117971
117973
117975
117978
117980
117983
117985
117987
117990
117992
117995
117997
118000
118002
118004
118007
118009
118012
118014
118016
118019
118021
118024
118026
118028
118031
118033
118036
118038
118040
118043
118045
118048
118050
118052
118055
118057
118060
118062
118064
118067
118069
118072
118074
118076
118079
118081
118084
118086
118088
118091
118093
118096
118098
118100
118103
118105
118108
118110
118112
118115
118117
118120
118122
118125
118127
118129
118132
118134
118137
118139
118141
118144
118146
118149
118151
118153
118156
118158
118161
118163
118165
118168
118170
118173
118175
118177
118180
118182
118185
118187
118189
118192
118194
118197
118199
118201
118204
118206
118209
118211
118213
118216
118218
118221
118223
118225
118228
118230
118233
118235
118237
118240
118242
118245
118247
118250
118252
118254
118257
118259
118262
118264
118266
118269
118271
118274
118276
118278
118281
118283
118286
118288
118290
118293
118295
118298
118300
118302
118305
118307
118310
118312
118314
118317
118319
118322
118324
118326
118329
118331
118334
118336
118338
118341
118343
118346
118348
118350
118353
118355
118358
118360
118362
118365
118367
118370
118372
118375
118377
118379
118382
118384
118387
118389
118391
118394
118396
118399
118401
118403
118406
118408
118411
118413
118415
118418
118420
118423
118425
118427
118430
118432
118435
118437
118439
118442
118444
118447
118449
118451
118454
118456
118459
118461
118463
118466
118468
118471
118473
118475
118478
118480
118483
118485
118487
118490
118492
118495
118497
118500
118502
118504
118507
118509
118512
118514
118516
118519
118521
118524
118526
118528
118531
118533
118536
118538
118540
118543
118545
118548
118550
118552
118555
118557
118560
118562
118564
118567
118569
118572
118574
118576
118579
118581
118584
118586
118588
118591
118593
118596
118598
118600
118603
118605
118608
118610
118612
118615
118617
118620
118622
118625
118627
118629
118632
118634
118637
118639
118641
118644
118646
118649
118651
118653
118656
118658
118661
118663
118665
118668
118670
118673
118675
118677
118680
118682
118685
118687
118689
118692
118694
118697
118699
118701
118704
118706
118709
118711
118713
118716
118718
118721
118723
118725
118728
118730
118733
118735
118737
118740
118742
118745
118747
118750
118752
118754
118757
118759
118762
118764
118766
118769
118771
118774
118776
118778
118781
118783
118786
118788
118790
118793
118795
118798
118800
118802
118805
118807
118810
118812
118814
118817
118819
118822
118824
118826
118829
118831
118834
118836
118838
118841
118843
118846
118848
118850
118853
118855
118858
118860
118862
118865
118867
118870
118872
118875
118877
118879
118882
118884
118887
118889
118891
118894
118896
118899
118901
118903
118906
118908
118911
118913
118915
118918
118920
118923
118925
118927
118930
118932
118935
118937
118939
118942
118944
118947
118949
118951
118954
118956
118959
118961
118963
118966
118968
118971
118973
118975
118978
118980
118983
118985
118987
118990
118992
118995
118997
119000
119002
119004
119007
119009
119012
119014
119016
119019
119021
119024
119026
119028
119031
119033
119036
119038
119040
119043
119045
119048
119050
119052
119055
119057
119060
119062
119064
119067
119069
119072
119074
119076
119079
119081
119084
119086
119088
119091
119093
119096
119098
119100
119103
119105
119108
119110
119112
119115
119117
119120
119122
119125
119127
119129
119132
119134
119137
119139
119141
119144
119146
119149
119151
119153
119156
119158
119161
119163
119165
119168
119170
119173
119175
119177
119180
119182
119185
119187
119189
119192
119194
119197
119199
119201
119204
119206
119209
119211
119213
119216
119218
119221
119223
119225
119228
119230
119233
119235
119237
119240
119242
119245
119247
119250
119252
119254
119257
119259
119262
119264
119266
119269
119271
119274
119276
119278
119281
119283
119286
119288
119290
119293
119295
119298
119300
119302
119305
119307
119310
119312
119314
119317
119319
119322
119324
119326
119329
119331
119334
119336
119338
119341
119343
119346
119348
119350
119353
119355
119358
119360
119362
119365
119367
119370
119372
119375
119377
119379
119382
119384
119387
119389
119391
119394
119396
119399
119401
119403
119406
119408
119411
119413
119415
119418
119420
119423
119425
119427
119430
119432
119435
119437
119439
119442
119444
119447
119449
119451
119454
119456
119459
119461
119463
119466
119468
119471
119473
119475
119478
119480
119483
119485
119487
119490
119492
119495
119497
119500
119502
119504
119507
119509
119512
119514
119516
119519
119521
119524
119526
119528
119531
119533
119536
119538
119540
119543
119545
119548
119550
119552
119555
119557
119560
119562
119564
119567
119569
119572
119574
119576
119579
119581
119584
119586
119588
119591
119593
119596
119598
119600
119603
119605
119608
119610
119612
119615
119617
119620
119622
119625
119627
119629
119632
119634
119637
119639
119641
119644
119646
119649
119651
119653
119656
119658
119661
119663
119665
119668
119670
119673
119675
119677
119680
119682
119685
119687
119689
119692
119694
119697
119699
119701
119704
119706
119709
119711
119713
119716
119718
119721
119723
119725
119728
119730
119733
119735
119737
119740
119742
119745
119747
119750
119752
119754
119757
119759
119762
119764
119766
119769
119771
119774
119776
119778
119781
119783
119786
119788
119790
119793
119795
119798
119800
119802
119805
119807
119810
119812
119814
119817
119819
119822
119824
119826
119829
119831
119834
119836
119838
119841
119843
119846
119848
119850
119853
119855
119858
119860
119862
119865
119867
119870
119872
119875
119877
119879
119882
119884
119887
119889
119891
119894
119896
119899
119901
119903
119906
119908
119911
119913
119915
119918
119920
119923
119925
119927
119930
119932
119935
119937
119939
119942
119944
119947
119949
119951
119954
119956
119959
119961
119963
119966
119968
119971
119973
119975
119978
119980
119983
119985
119987
119990
119992
119995
119997
